[2026-06-05 00:00:29] production.ERROR: Scheduled command ['/usr/local/bin/php' 'artisan' anonaddy:parse-postfix-mail-log] failed with exit code [1]. {"exception":"[object] (Exception(code: 0): Scheduled command ['/usr/local/bin/php' 'artisan' anonaddy:parse-postfix-mail-log] failed with exit code [1]. at /var/www/html/vendor/laravel/framework/src/Illuminate/Console/Scheduling/ScheduleRunCommand.php:215)
[stacktrace]
#0 /var/www/html/vendor/laravel/framework/src/Illuminate/Console/View/Components/Task.php(43): Illuminate\\Console\\Scheduling\\ScheduleRunCommand->Illuminate\\Console\\Scheduling\\{closure}()
#1 /var/www/html/vendor/laravel/framework/src/Illuminate/Console/View/Components/Factory.php(59): Illuminate\\Console\\View\\Components\\Task->render('<fg=gray>2026-0...', Object(Closure))
#2 /var/www/html/vendor/laravel/framework/src/Illuminate/Console/Scheduling/ScheduleRunCommand.php(199): Illuminate\\Console\\View\\Components\\Factory->__call('task', Array)
#3 /var/www/html/vendor/laravel/framework/src/Illuminate/Console/Scheduling/ScheduleRunCommand.php(142): Illuminate\\Console\\Scheduling\\ScheduleRunCommand->runEvent(Object(Illuminate\\Console\\Scheduling\\Event))
#4 /var/www/html/vendor/laravel/framework/src/Illuminate/Container/BoundMethod.php(36): Illuminate\\Console\\Scheduling\\ScheduleRunCommand->handle(Object(Illuminate\\Console\\Scheduling\\Schedule), Object(Illuminate\\Events\\Dispatcher), Object(Illuminate\\Cache\\Repository), Object(Illuminate\\Foundation\\Exceptions\\Handler))
#5 /var/www/html/vendor/laravel/framework/src/Illuminate/Container/Util.php(43): Illuminate\\Container\\BoundMethod::Illuminate\\Container\\{closure}()
#6 /var/www/html/vendor/laravel/framework/src/Illuminate/Container/BoundMethod.php(96): Illuminate\\Container\\Util::unwrapIfClosure(Object(Closure))
#7 /var/www/html/vendor/laravel/framework/src/Illuminate/Container/BoundMethod.php(35): Illuminate\\Container\\BoundMethod::callBoundMethod(Object(Illuminate\\Foundation\\Application), Array, Object(Closure))
#8 /var/www/html/vendor/laravel/framework/src/Illuminate/Container/Container.php(799): Illuminate\\Container\\BoundMethod::call(Object(Illuminate\\Foundation\\Application), Array, Array, NULL)
#9 /var/www/html/vendor/laravel/framework/src/Illuminate/Console/Command.php(280): Illuminate\\Container\\Container->call(Array)
#10 /var/www/html/vendor/symfony/console/Command/Command.php(341): Illuminate\\Console\\Command->execute(Object(Symfony\\Component\\Console\\Input\\ArgvInput), Object(Illuminate\\Console\\OutputStyle))
#11 /var/www/html/vendor/laravel/framework/src/Illuminate/Console/Command.php(249): Symfony\\Component\\Console\\Command\\Command->run(Object(Symfony\\Component\\Console\\Input\\ArgvInput), Object(Illuminate\\Console\\OutputStyle))
#12 /var/www/html/vendor/symfony/console/Application.php(1117): Illuminate\\Console\\Command->run(Object(Symfony\\Component\\Console\\Input\\ArgvInput), Object(Symfony\\Component\\Console\\Output\\ConsoleOutput))
#13 /var/www/html/vendor/symfony/console/Application.php(356): Symfony\\Component\\Console\\Application->doRunCommand(Object(Illuminate\\Console\\Scheduling\\ScheduleRunCommand), Object(Symfony\\Component\\Console\\Input\\ArgvInput), Object(Symfony\\Component\\Console\\Output\\ConsoleOutput))
#14 /var/www/html/vendor/symfony/console/Application.php(195): Symfony\\Component\\Console\\Application->doRun(Object(Symfony\\Component\\Console\\Input\\ArgvInput), Object(Symfony\\Component\\Console\\Output\\ConsoleOutput))
#15 /var/www/html/vendor/laravel/framework/src/Illuminate/Foundation/Console/Kernel.php(198): Symfony\\Component\\Console\\Application->run(Object(Symfony\\Component\\Console\\Input\\ArgvInput), Object(Symfony\\Component\\Console\\Output\\ConsoleOutput))
#16 /var/www/html/vendor/laravel/framework/src/Illuminate/Foundation/Application.php(1235): Illuminate\\Foundation\\Console\\Kernel->handle(Object(Symfony\\Component\\Console\\Input\\ArgvInput), Object(Symfony\\Component\\Console\\Output\\ConsoleOutput))
#17 /var/www/html/artisan(13): Illuminate\\Foundation\\Application->handleCommand(Object(Symfony\\Component\\Console\\Input\\ArgvInput))
#18 {main}
"} 
[2026-06-05 00:05:24] production.ERROR: Scheduled command ['/usr/local/bin/php' 'artisan' anonaddy:parse-postfix-mail-log] failed with exit code [1]. {"exception":"[object] (Exception(code: 0): Scheduled command ['/usr/local/bin/php' 'artisan' anonaddy:parse-postfix-mail-log] failed with exit code [1]. at /var/www/html/vendor/laravel/framework/src/Illuminate/Console/Scheduling/ScheduleRunCommand.php:215)
[stacktrace]
#0 /var/www/html/vendor/laravel/framework/src/Illuminate/Console/View/Components/Task.php(43): Illuminate\\Console\\Scheduling\\ScheduleRunCommand->Illuminate\\Console\\Scheduling\\{closure}()
#1 /var/www/html/vendor/laravel/framework/src/Illuminate/Console/View/Components/Factory.php(59): Illuminate\\Console\\View\\Components\\Task->render('<fg=gray>2026-0...', Object(Closure))
#2 /var/www/html/vendor/laravel/framework/src/Illuminate/Console/Scheduling/ScheduleRunCommand.php(199): Illuminate\\Console\\View\\Components\\Factory->__call('task', Array)
#3 /var/www/html/vendor/laravel/framework/src/Illuminate/Console/Scheduling/ScheduleRunCommand.php(142): Illuminate\\Console\\Scheduling\\ScheduleRunCommand->runEvent(Object(Illuminate\\Console\\Scheduling\\Event))
#4 /var/www/html/vendor/laravel/framework/src/Illuminate/Container/BoundMethod.php(36): Illuminate\\Console\\Scheduling\\ScheduleRunCommand->handle(Object(Illuminate\\Console\\Scheduling\\Schedule), Object(Illuminate\\Events\\Dispatcher), Object(Illuminate\\Cache\\Repository), Object(Illuminate\\Foundation\\Exceptions\\Handler))
#5 /var/www/html/vendor/laravel/framework/src/Illuminate/Container/Util.php(43): Illuminate\\Container\\BoundMethod::Illuminate\\Container\\{closure}()
#6 /var/www/html/vendor/laravel/framework/src/Illuminate/Container/BoundMethod.php(96): Illuminate\\Container\\Util::unwrapIfClosure(Object(Closure))
#7 /var/www/html/vendor/laravel/framework/src/Illuminate/Container/BoundMethod.php(35): Illuminate\\Container\\BoundMethod::callBoundMethod(Object(Illuminate\\Foundation\\Application), Array, Object(Closure))
#8 /var/www/html/vendor/laravel/framework/src/Illuminate/Container/Container.php(799): Illuminate\\Container\\BoundMethod::call(Object(Illuminate\\Foundation\\Application), Array, Array, NULL)
#9 /var/www/html/vendor/laravel/framework/src/Illuminate/Console/Command.php(280): Illuminate\\Container\\Container->call(Array)
#10 /var/www/html/vendor/symfony/console/Command/Command.php(341): Illuminate\\Console\\Command->execute(Object(Symfony\\Component\\Console\\Input\\ArgvInput), Object(Illuminate\\Console\\OutputStyle))
#11 /var/www/html/vendor/laravel/framework/src/Illuminate/Console/Command.php(249): Symfony\\Component\\Console\\Command\\Command->run(Object(Symfony\\Component\\Console\\Input\\ArgvInput), Object(Illuminate\\Console\\OutputStyle))
#12 /var/www/html/vendor/symfony/console/Application.php(1117): Illuminate\\Console\\Command->run(Object(Symfony\\Component\\Console\\Input\\ArgvInput), Object(Symfony\\Component\\Console\\Output\\ConsoleOutput))
#13 /var/www/html/vendor/symfony/console/Application.php(356): Symfony\\Component\\Console\\Application->doRunCommand(Object(Illuminate\\Console\\Scheduling\\ScheduleRunCommand), Object(Symfony\\Component\\Console\\Input\\ArgvInput), Object(Symfony\\Component\\Console\\Output\\ConsoleOutput))
#14 /var/www/html/vendor/symfony/console/Application.php(195): Symfony\\Component\\Console\\Application->doRun(Object(Symfony\\Component\\Console\\Input\\ArgvInput), Object(Symfony\\Component\\Console\\Output\\ConsoleOutput))
#15 /var/www/html/vendor/laravel/framework/src/Illuminate/Foundation/Console/Kernel.php(198): Symfony\\Component\\Console\\Application->run(Object(Symfony\\Component\\Console\\Input\\ArgvInput), Object(Symfony\\Component\\Console\\Output\\ConsoleOutput))
#16 /var/www/html/vendor/laravel/framework/src/Illuminate/Foundation/Application.php(1235): Illuminate\\Foundation\\Console\\Kernel->handle(Object(Symfony\\Component\\Console\\Input\\ArgvInput), Object(Symfony\\Component\\Console\\Output\\ConsoleOutput))
#17 /var/www/html/artisan(13): Illuminate\\Foundation\\Application->handleCommand(Object(Symfony\\Component\\Console\\Input\\ArgvInput))
#18 {main}
"} 
[2026-06-05 00:10:23] production.ERROR: Scheduled command ['/usr/local/bin/php' 'artisan' anonaddy:parse-postfix-mail-log] failed with exit code [1]. {"exception":"[object] (Exception(code: 0): Scheduled command ['/usr/local/bin/php' 'artisan' anonaddy:parse-postfix-mail-log] failed with exit code [1]. at /var/www/html/vendor/laravel/framework/src/Illuminate/Console/Scheduling/ScheduleRunCommand.php:215)
[stacktrace]
#0 /var/www/html/vendor/laravel/framework/src/Illuminate/Console/View/Components/Task.php(43): Illuminate\\Console\\Scheduling\\ScheduleRunCommand->Illuminate\\Console\\Scheduling\\{closure}()
#1 /var/www/html/vendor/laravel/framework/src/Illuminate/Console/View/Components/Factory.php(59): Illuminate\\Console\\View\\Components\\Task->render('<fg=gray>2026-0...', Object(Closure))
#2 /var/www/html/vendor/laravel/framework/src/Illuminate/Console/Scheduling/ScheduleRunCommand.php(199): Illuminate\\Console\\View\\Components\\Factory->__call('task', Array)
#3 /var/www/html/vendor/laravel/framework/src/Illuminate/Console/Scheduling/ScheduleRunCommand.php(142): Illuminate\\Console\\Scheduling\\ScheduleRunCommand->runEvent(Object(Illuminate\\Console\\Scheduling\\Event))
#4 /var/www/html/vendor/laravel/framework/src/Illuminate/Container/BoundMethod.php(36): Illuminate\\Console\\Scheduling\\ScheduleRunCommand->handle(Object(Illuminate\\Console\\Scheduling\\Schedule), Object(Illuminate\\Events\\Dispatcher), Object(Illuminate\\Cache\\Repository), Object(Illuminate\\Foundation\\Exceptions\\Handler))
#5 /var/www/html/vendor/laravel/framework/src/Illuminate/Container/Util.php(43): Illuminate\\Container\\BoundMethod::Illuminate\\Container\\{closure}()
#6 /var/www/html/vendor/laravel/framework/src/Illuminate/Container/BoundMethod.php(96): Illuminate\\Container\\Util::unwrapIfClosure(Object(Closure))
#7 /var/www/html/vendor/laravel/framework/src/Illuminate/Container/BoundMethod.php(35): Illuminate\\Container\\BoundMethod::callBoundMethod(Object(Illuminate\\Foundation\\Application), Array, Object(Closure))
#8 /var/www/html/vendor/laravel/framework/src/Illuminate/Container/Container.php(799): Illuminate\\Container\\BoundMethod::call(Object(Illuminate\\Foundation\\Application), Array, Array, NULL)
#9 /var/www/html/vendor/laravel/framework/src/Illuminate/Console/Command.php(280): Illuminate\\Container\\Container->call(Array)
#10 /var/www/html/vendor/symfony/console/Command/Command.php(341): Illuminate\\Console\\Command->execute(Object(Symfony\\Component\\Console\\Input\\ArgvInput), Object(Illuminate\\Console\\OutputStyle))
#11 /var/www/html/vendor/laravel/framework/src/Illuminate/Console/Command.php(249): Symfony\\Component\\Console\\Command\\Command->run(Object(Symfony\\Component\\Console\\Input\\ArgvInput), Object(Illuminate\\Console\\OutputStyle))
#12 /var/www/html/vendor/symfony/console/Application.php(1117): Illuminate\\Console\\Command->run(Object(Symfony\\Component\\Console\\Input\\ArgvInput), Object(Symfony\\Component\\Console\\Output\\ConsoleOutput))
#13 /var/www/html/vendor/symfony/console/Application.php(356): Symfony\\Component\\Console\\Application->doRunCommand(Object(Illuminate\\Console\\Scheduling\\ScheduleRunCommand), Object(Symfony\\Component\\Console\\Input\\ArgvInput), Object(Symfony\\Component\\Console\\Output\\ConsoleOutput))
#14 /var/www/html/vendor/symfony/console/Application.php(195): Symfony\\Component\\Console\\Application->doRun(Object(Symfony\\Component\\Console\\Input\\ArgvInput), Object(Symfony\\Component\\Console\\Output\\ConsoleOutput))
#15 /var/www/html/vendor/laravel/framework/src/Illuminate/Foundation/Console/Kernel.php(198): Symfony\\Component\\Console\\Application->run(Object(Symfony\\Component\\Console\\Input\\ArgvInput), Object(Symfony\\Component\\Console\\Output\\ConsoleOutput))
#16 /var/www/html/vendor/laravel/framework/src/Illuminate/Foundation/Application.php(1235): Illuminate\\Foundation\\Console\\Kernel->handle(Object(Symfony\\Component\\Console\\Input\\ArgvInput), Object(Symfony\\Component\\Console\\Output\\ConsoleOutput))
#17 /var/www/html/artisan(13): Illuminate\\Foundation\\Application->handleCommand(Object(Symfony\\Component\\Console\\Input\\ArgvInput))
#18 {main}
"} 
[2026-06-05 00:15:25] production.ERROR: Scheduled command ['/usr/local/bin/php' 'artisan' anonaddy:parse-postfix-mail-log] failed with exit code [1]. {"exception":"[object] (Exception(code: 0): Scheduled command ['/usr/local/bin/php' 'artisan' anonaddy:parse-postfix-mail-log] failed with exit code [1]. at /var/www/html/vendor/laravel/framework/src/Illuminate/Console/Scheduling/ScheduleRunCommand.php:215)
[stacktrace]
#0 /var/www/html/vendor/laravel/framework/src/Illuminate/Console/View/Components/Task.php(43): Illuminate\\Console\\Scheduling\\ScheduleRunCommand->Illuminate\\Console\\Scheduling\\{closure}()
#1 /var/www/html/vendor/laravel/framework/src/Illuminate/Console/View/Components/Factory.php(59): Illuminate\\Console\\View\\Components\\Task->render('<fg=gray>2026-0...', Object(Closure))
#2 /var/www/html/vendor/laravel/framework/src/Illuminate/Console/Scheduling/ScheduleRunCommand.php(199): Illuminate\\Console\\View\\Components\\Factory->__call('task', Array)
#3 /var/www/html/vendor/laravel/framework/src/Illuminate/Console/Scheduling/ScheduleRunCommand.php(142): Illuminate\\Console\\Scheduling\\ScheduleRunCommand->runEvent(Object(Illuminate\\Console\\Scheduling\\Event))
#4 /var/www/html/vendor/laravel/framework/src/Illuminate/Container/BoundMethod.php(36): Illuminate\\Console\\Scheduling\\ScheduleRunCommand->handle(Object(Illuminate\\Console\\Scheduling\\Schedule), Object(Illuminate\\Events\\Dispatcher), Object(Illuminate\\Cache\\Repository), Object(Illuminate\\Foundation\\Exceptions\\Handler))
#5 /var/www/html/vendor/laravel/framework/src/Illuminate/Container/Util.php(43): Illuminate\\Container\\BoundMethod::Illuminate\\Container\\{closure}()
#6 /var/www/html/vendor/laravel/framework/src/Illuminate/Container/BoundMethod.php(96): Illuminate\\Container\\Util::unwrapIfClosure(Object(Closure))
#7 /var/www/html/vendor/laravel/framework/src/Illuminate/Container/BoundMethod.php(35): Illuminate\\Container\\BoundMethod::callBoundMethod(Object(Illuminate\\Foundation\\Application), Array, Object(Closure))
#8 /var/www/html/vendor/laravel/framework/src/Illuminate/Container/Container.php(799): Illuminate\\Container\\BoundMethod::call(Object(Illuminate\\Foundation\\Application), Array, Array, NULL)
#9 /var/www/html/vendor/laravel/framework/src/Illuminate/Console/Command.php(280): Illuminate\\Container\\Container->call(Array)
#10 /var/www/html/vendor/symfony/console/Command/Command.php(341): Illuminate\\Console\\Command->execute(Object(Symfony\\Component\\Console\\Input\\ArgvInput), Object(Illuminate\\Console\\OutputStyle))
#11 /var/www/html/vendor/laravel/framework/src/Illuminate/Console/Command.php(249): Symfony\\Component\\Console\\Command\\Command->run(Object(Symfony\\Component\\Console\\Input\\ArgvInput), Object(Illuminate\\Console\\OutputStyle))
#12 /var/www/html/vendor/symfony/console/Application.php(1117): Illuminate\\Console\\Command->run(Object(Symfony\\Component\\Console\\Input\\ArgvInput), Object(Symfony\\Component\\Console\\Output\\ConsoleOutput))
#13 /var/www/html/vendor/symfony/console/Application.php(356): Symfony\\Component\\Console\\Application->doRunCommand(Object(Illuminate\\Console\\Scheduling\\ScheduleRunCommand), Object(Symfony\\Component\\Console\\Input\\ArgvInput), Object(Symfony\\Component\\Console\\Output\\ConsoleOutput))
#14 /var/www/html/vendor/symfony/console/Application.php(195): Symfony\\Component\\Console\\Application->doRun(Object(Symfony\\Component\\Console\\Input\\ArgvInput), Object(Symfony\\Component\\Console\\Output\\ConsoleOutput))
#15 /var/www/html/vendor/laravel/framework/src/Illuminate/Foundation/Console/Kernel.php(198): Symfony\\Component\\Console\\Application->run(Object(Symfony\\Component\\Console\\Input\\ArgvInput), Object(Symfony\\Component\\Console\\Output\\ConsoleOutput))
#16 /var/www/html/vendor/laravel/framework/src/Illuminate/Foundation/Application.php(1235): Illuminate\\Foundation\\Console\\Kernel->handle(Object(Symfony\\Component\\Console\\Input\\ArgvInput), Object(Symfony\\Component\\Console\\Output\\ConsoleOutput))
#17 /var/www/html/artisan(13): Illuminate\\Foundation\\Application->handleCommand(Object(Symfony\\Component\\Console\\Input\\ArgvInput))
#18 {main}
"} 
[2026-06-05 00:20:24] production.ERROR: Scheduled command ['/usr/local/bin/php' 'artisan' anonaddy:parse-postfix-mail-log] failed with exit code [1]. {"exception":"[object] (Exception(code: 0): Scheduled command ['/usr/local/bin/php' 'artisan' anonaddy:parse-postfix-mail-log] failed with exit code [1]. at /var/www/html/vendor/laravel/framework/src/Illuminate/Console/Scheduling/ScheduleRunCommand.php:215)
[stacktrace]
#0 /var/www/html/vendor/laravel/framework/src/Illuminate/Console/View/Components/Task.php(43): Illuminate\\Console\\Scheduling\\ScheduleRunCommand->Illuminate\\Console\\Scheduling\\{closure}()
#1 /var/www/html/vendor/laravel/framework/src/Illuminate/Console/View/Components/Factory.php(59): Illuminate\\Console\\View\\Components\\Task->render('<fg=gray>2026-0...', Object(Closure))
#2 /var/www/html/vendor/laravel/framework/src/Illuminate/Console/Scheduling/ScheduleRunCommand.php(199): Illuminate\\Console\\View\\Components\\Factory->__call('task', Array)
#3 /var/www/html/vendor/laravel/framework/src/Illuminate/Console/Scheduling/ScheduleRunCommand.php(142): Illuminate\\Console\\Scheduling\\ScheduleRunCommand->runEvent(Object(Illuminate\\Console\\Scheduling\\Event))
#4 /var/www/html/vendor/laravel/framework/src/Illuminate/Container/BoundMethod.php(36): Illuminate\\Console\\Scheduling\\ScheduleRunCommand->handle(Object(Illuminate\\Console\\Scheduling\\Schedule), Object(Illuminate\\Events\\Dispatcher), Object(Illuminate\\Cache\\Repository), Object(Illuminate\\Foundation\\Exceptions\\Handler))
#5 /var/www/html/vendor/laravel/framework/src/Illuminate/Container/Util.php(43): Illuminate\\Container\\BoundMethod::Illuminate\\Container\\{closure}()
#6 /var/www/html/vendor/laravel/framework/src/Illuminate/Container/BoundMethod.php(96): Illuminate\\Container\\Util::unwrapIfClosure(Object(Closure))
#7 /var/www/html/vendor/laravel/framework/src/Illuminate/Container/BoundMethod.php(35): Illuminate\\Container\\BoundMethod::callBoundMethod(Object(Illuminate\\Foundation\\Application), Array, Object(Closure))
#8 /var/www/html/vendor/laravel/framework/src/Illuminate/Container/Container.php(799): Illuminate\\Container\\BoundMethod::call(Object(Illuminate\\Foundation\\Application), Array, Array, NULL)
#9 /var/www/html/vendor/laravel/framework/src/Illuminate/Console/Command.php(280): Illuminate\\Container\\Container->call(Array)
#10 /var/www/html/vendor/symfony/console/Command/Command.php(341): Illuminate\\Console\\Command->execute(Object(Symfony\\Component\\Console\\Input\\ArgvInput), Object(Illuminate\\Console\\OutputStyle))
#11 /var/www/html/vendor/laravel/framework/src/Illuminate/Console/Command.php(249): Symfony\\Component\\Console\\Command\\Command->run(Object(Symfony\\Component\\Console\\Input\\ArgvInput), Object(Illuminate\\Console\\OutputStyle))
#12 /var/www/html/vendor/symfony/console/Application.php(1117): Illuminate\\Console\\Command->run(Object(Symfony\\Component\\Console\\Input\\ArgvInput), Object(Symfony\\Component\\Console\\Output\\ConsoleOutput))
#13 /var/www/html/vendor/symfony/console/Application.php(356): Symfony\\Component\\Console\\Application->doRunCommand(Object(Illuminate\\Console\\Scheduling\\ScheduleRunCommand), Object(Symfony\\Component\\Console\\Input\\ArgvInput), Object(Symfony\\Component\\Console\\Output\\ConsoleOutput))
#14 /var/www/html/vendor/symfony/console/Application.php(195): Symfony\\Component\\Console\\Application->doRun(Object(Symfony\\Component\\Console\\Input\\ArgvInput), Object(Symfony\\Component\\Console\\Output\\ConsoleOutput))
#15 /var/www/html/vendor/laravel/framework/src/Illuminate/Foundation/Console/Kernel.php(198): Symfony\\Component\\Console\\Application->run(Object(Symfony\\Component\\Console\\Input\\ArgvInput), Object(Symfony\\Component\\Console\\Output\\ConsoleOutput))
#16 /var/www/html/vendor/laravel/framework/src/Illuminate/Foundation/Application.php(1235): Illuminate\\Foundation\\Console\\Kernel->handle(Object(Symfony\\Component\\Console\\Input\\ArgvInput), Object(Symfony\\Component\\Console\\Output\\ConsoleOutput))
#17 /var/www/html/artisan(13): Illuminate\\Foundation\\Application->handleCommand(Object(Symfony\\Component\\Console\\Input\\ArgvInput))
#18 {main}
"} 
[2026-06-05 00:25:25] production.ERROR: Scheduled command ['/usr/local/bin/php' 'artisan' anonaddy:parse-postfix-mail-log] failed with exit code [1]. {"exception":"[object] (Exception(code: 0): Scheduled command ['/usr/local/bin/php' 'artisan' anonaddy:parse-postfix-mail-log] failed with exit code [1]. at /var/www/html/vendor/laravel/framework/src/Illuminate/Console/Scheduling/ScheduleRunCommand.php:215)
[stacktrace]
#0 /var/www/html/vendor/laravel/framework/src/Illuminate/Console/View/Components/Task.php(43): Illuminate\\Console\\Scheduling\\ScheduleRunCommand->Illuminate\\Console\\Scheduling\\{closure}()
#1 /var/www/html/vendor/laravel/framework/src/Illuminate/Console/View/Components/Factory.php(59): Illuminate\\Console\\View\\Components\\Task->render('<fg=gray>2026-0...', Object(Closure))
#2 /var/www/html/vendor/laravel/framework/src/Illuminate/Console/Scheduling/ScheduleRunCommand.php(199): Illuminate\\Console\\View\\Components\\Factory->__call('task', Array)
#3 /var/www/html/vendor/laravel/framework/src/Illuminate/Console/Scheduling/ScheduleRunCommand.php(142): Illuminate\\Console\\Scheduling\\ScheduleRunCommand->runEvent(Object(Illuminate\\Console\\Scheduling\\Event))
#4 /var/www/html/vendor/laravel/framework/src/Illuminate/Container/BoundMethod.php(36): Illuminate\\Console\\Scheduling\\ScheduleRunCommand->handle(Object(Illuminate\\Console\\Scheduling\\Schedule), Object(Illuminate\\Events\\Dispatcher), Object(Illuminate\\Cache\\Repository), Object(Illuminate\\Foundation\\Exceptions\\Handler))
#5 /var/www/html/vendor/laravel/framework/src/Illuminate/Container/Util.php(43): Illuminate\\Container\\BoundMethod::Illuminate\\Container\\{closure}()
#6 /var/www/html/vendor/laravel/framework/src/Illuminate/Container/BoundMethod.php(96): Illuminate\\Container\\Util::unwrapIfClosure(Object(Closure))
#7 /var/www/html/vendor/laravel/framework/src/Illuminate/Container/BoundMethod.php(35): Illuminate\\Container\\BoundMethod::callBoundMethod(Object(Illuminate\\Foundation\\Application), Array, Object(Closure))
#8 /var/www/html/vendor/laravel/framework/src/Illuminate/Container/Container.php(799): Illuminate\\Container\\BoundMethod::call(Object(Illuminate\\Foundation\\Application), Array, Array, NULL)
#9 /var/www/html/vendor/laravel/framework/src/Illuminate/Console/Command.php(280): Illuminate\\Container\\Container->call(Array)
#10 /var/www/html/vendor/symfony/console/Command/Command.php(341): Illuminate\\Console\\Command->execute(Object(Symfony\\Component\\Console\\Input\\ArgvInput), Object(Illuminate\\Console\\OutputStyle))
#11 /var/www/html/vendor/laravel/framework/src/Illuminate/Console/Command.php(249): Symfony\\Component\\Console\\Command\\Command->run(Object(Symfony\\Component\\Console\\Input\\ArgvInput), Object(Illuminate\\Console\\OutputStyle))
#12 /var/www/html/vendor/symfony/console/Application.php(1117): Illuminate\\Console\\Command->run(Object(Symfony\\Component\\Console\\Input\\ArgvInput), Object(Symfony\\Component\\Console\\Output\\ConsoleOutput))
#13 /var/www/html/vendor/symfony/console/Application.php(356): Symfony\\Component\\Console\\Application->doRunCommand(Object(Illuminate\\Console\\Scheduling\\ScheduleRunCommand), Object(Symfony\\Component\\Console\\Input\\ArgvInput), Object(Symfony\\Component\\Console\\Output\\ConsoleOutput))
#14 /var/www/html/vendor/symfony/console/Application.php(195): Symfony\\Component\\Console\\Application->doRun(Object(Symfony\\Component\\Console\\Input\\ArgvInput), Object(Symfony\\Component\\Console\\Output\\ConsoleOutput))
#15 /var/www/html/vendor/laravel/framework/src/Illuminate/Foundation/Console/Kernel.php(198): Symfony\\Component\\Console\\Application->run(Object(Symfony\\Component\\Console\\Input\\ArgvInput), Object(Symfony\\Component\\Console\\Output\\ConsoleOutput))
#16 /var/www/html/vendor/laravel/framework/src/Illuminate/Foundation/Application.php(1235): Illuminate\\Foundation\\Console\\Kernel->handle(Object(Symfony\\Component\\Console\\Input\\ArgvInput), Object(Symfony\\Component\\Console\\Output\\ConsoleOutput))
#17 /var/www/html/artisan(13): Illuminate\\Foundation\\Application->handleCommand(Object(Symfony\\Component\\Console\\Input\\ArgvInput))
#18 {main}
"} 
[2026-06-05 00:30:24] production.ERROR: Scheduled command ['/usr/local/bin/php' 'artisan' anonaddy:parse-postfix-mail-log] failed with exit code [1]. {"exception":"[object] (Exception(code: 0): Scheduled command ['/usr/local/bin/php' 'artisan' anonaddy:parse-postfix-mail-log] failed with exit code [1]. at /var/www/html/vendor/laravel/framework/src/Illuminate/Console/Scheduling/ScheduleRunCommand.php:215)
[stacktrace]
#0 /var/www/html/vendor/laravel/framework/src/Illuminate/Console/View/Components/Task.php(43): Illuminate\\Console\\Scheduling\\ScheduleRunCommand->Illuminate\\Console\\Scheduling\\{closure}()
#1 /var/www/html/vendor/laravel/framework/src/Illuminate/Console/View/Components/Factory.php(59): Illuminate\\Console\\View\\Components\\Task->render('<fg=gray>2026-0...', Object(Closure))
#2 /var/www/html/vendor/laravel/framework/src/Illuminate/Console/Scheduling/ScheduleRunCommand.php(199): Illuminate\\Console\\View\\Components\\Factory->__call('task', Array)
#3 /var/www/html/vendor/laravel/framework/src/Illuminate/Console/Scheduling/ScheduleRunCommand.php(142): Illuminate\\Console\\Scheduling\\ScheduleRunCommand->runEvent(Object(Illuminate\\Console\\Scheduling\\Event))
#4 /var/www/html/vendor/laravel/framework/src/Illuminate/Container/BoundMethod.php(36): Illuminate\\Console\\Scheduling\\ScheduleRunCommand->handle(Object(Illuminate\\Console\\Scheduling\\Schedule), Object(Illuminate\\Events\\Dispatcher), Object(Illuminate\\Cache\\Repository), Object(Illuminate\\Foundation\\Exceptions\\Handler))
#5 /var/www/html/vendor/laravel/framework/src/Illuminate/Container/Util.php(43): Illuminate\\Container\\BoundMethod::Illuminate\\Container\\{closure}()
#6 /var/www/html/vendor/laravel/framework/src/Illuminate/Container/BoundMethod.php(96): Illuminate\\Container\\Util::unwrapIfClosure(Object(Closure))
#7 /var/www/html/vendor/laravel/framework/src/Illuminate/Container/BoundMethod.php(35): Illuminate\\Container\\BoundMethod::callBoundMethod(Object(Illuminate\\Foundation\\Application), Array, Object(Closure))
#8 /var/www/html/vendor/laravel/framework/src/Illuminate/Container/Container.php(799): Illuminate\\Container\\BoundMethod::call(Object(Illuminate\\Foundation\\Application), Array, Array, NULL)
#9 /var/www/html/vendor/laravel/framework/src/Illuminate/Console/Command.php(280): Illuminate\\Container\\Container->call(Array)
#10 /var/www/html/vendor/symfony/console/Command/Command.php(341): Illuminate\\Console\\Command->execute(Object(Symfony\\Component\\Console\\Input\\ArgvInput), Object(Illuminate\\Console\\OutputStyle))
#11 /var/www/html/vendor/laravel/framework/src/Illuminate/Console/Command.php(249): Symfony\\Component\\Console\\Command\\Command->run(Object(Symfony\\Component\\Console\\Input\\ArgvInput), Object(Illuminate\\Console\\OutputStyle))
#12 /var/www/html/vendor/symfony/console/Application.php(1117): Illuminate\\Console\\Command->run(Object(Symfony\\Component\\Console\\Input\\ArgvInput), Object(Symfony\\Component\\Console\\Output\\ConsoleOutput))
#13 /var/www/html/vendor/symfony/console/Application.php(356): Symfony\\Component\\Console\\Application->doRunCommand(Object(Illuminate\\Console\\Scheduling\\ScheduleRunCommand), Object(Symfony\\Component\\Console\\Input\\ArgvInput), Object(Symfony\\Component\\Console\\Output\\ConsoleOutput))
#14 /var/www/html/vendor/symfony/console/Application.php(195): Symfony\\Component\\Console\\Application->doRun(Object(Symfony\\Component\\Console\\Input\\ArgvInput), Object(Symfony\\Component\\Console\\Output\\ConsoleOutput))
#15 /var/www/html/vendor/laravel/framework/src/Illuminate/Foundation/Console/Kernel.php(198): Symfony\\Component\\Console\\Application->run(Object(Symfony\\Component\\Console\\Input\\ArgvInput), Object(Symfony\\Component\\Console\\Output\\ConsoleOutput))
#16 /var/www/html/vendor/laravel/framework/src/Illuminate/Foundation/Application.php(1235): Illuminate\\Foundation\\Console\\Kernel->handle(Object(Symfony\\Component\\Console\\Input\\ArgvInput), Object(Symfony\\Component\\Console\\Output\\ConsoleOutput))
#17 /var/www/html/artisan(13): Illuminate\\Foundation\\Application->handleCommand(Object(Symfony\\Component\\Console\\Input\\ArgvInput))
#18 {main}
"} 
[2026-06-05 00:35:25] production.ERROR: Scheduled command ['/usr/local/bin/php' 'artisan' anonaddy:parse-postfix-mail-log] failed with exit code [1]. {"exception":"[object] (Exception(code: 0): Scheduled command ['/usr/local/bin/php' 'artisan' anonaddy:parse-postfix-mail-log] failed with exit code [1]. at /var/www/html/vendor/laravel/framework/src/Illuminate/Console/Scheduling/ScheduleRunCommand.php:215)
[stacktrace]
#0 /var/www/html/vendor/laravel/framework/src/Illuminate/Console/View/Components/Task.php(43): Illuminate\\Console\\Scheduling\\ScheduleRunCommand->Illuminate\\Console\\Scheduling\\{closure}()
#1 /var/www/html/vendor/laravel/framework/src/Illuminate/Console/View/Components/Factory.php(59): Illuminate\\Console\\View\\Components\\Task->render('<fg=gray>2026-0...', Object(Closure))
#2 /var/www/html/vendor/laravel/framework/src/Illuminate/Console/Scheduling/ScheduleRunCommand.php(199): Illuminate\\Console\\View\\Components\\Factory->__call('task', Array)
#3 /var/www/html/vendor/laravel/framework/src/Illuminate/Console/Scheduling/ScheduleRunCommand.php(142): Illuminate\\Console\\Scheduling\\ScheduleRunCommand->runEvent(Object(Illuminate\\Console\\Scheduling\\Event))
#4 /var/www/html/vendor/laravel/framework/src/Illuminate/Container/BoundMethod.php(36): Illuminate\\Console\\Scheduling\\ScheduleRunCommand->handle(Object(Illuminate\\Console\\Scheduling\\Schedule), Object(Illuminate\\Events\\Dispatcher), Object(Illuminate\\Cache\\Repository), Object(Illuminate\\Foundation\\Exceptions\\Handler))
#5 /var/www/html/vendor/laravel/framework/src/Illuminate/Container/Util.php(43): Illuminate\\Container\\BoundMethod::Illuminate\\Container\\{closure}()
#6 /var/www/html/vendor/laravel/framework/src/Illuminate/Container/BoundMethod.php(96): Illuminate\\Container\\Util::unwrapIfClosure(Object(Closure))
#7 /var/www/html/vendor/laravel/framework/src/Illuminate/Container/BoundMethod.php(35): Illuminate\\Container\\BoundMethod::callBoundMethod(Object(Illuminate\\Foundation\\Application), Array, Object(Closure))
#8 /var/www/html/vendor/laravel/framework/src/Illuminate/Container/Container.php(799): Illuminate\\Container\\BoundMethod::call(Object(Illuminate\\Foundation\\Application), Array, Array, NULL)
#9 /var/www/html/vendor/laravel/framework/src/Illuminate/Console/Command.php(280): Illuminate\\Container\\Container->call(Array)
#10 /var/www/html/vendor/symfony/console/Command/Command.php(341): Illuminate\\Console\\Command->execute(Object(Symfony\\Component\\Console\\Input\\ArgvInput), Object(Illuminate\\Console\\OutputStyle))
#11 /var/www/html/vendor/laravel/framework/src/Illuminate/Console/Command.php(249): Symfony\\Component\\Console\\Command\\Command->run(Object(Symfony\\Component\\Console\\Input\\ArgvInput), Object(Illuminate\\Console\\OutputStyle))
#12 /var/www/html/vendor/symfony/console/Application.php(1117): Illuminate\\Console\\Command->run(Object(Symfony\\Component\\Console\\Input\\ArgvInput), Object(Symfony\\Component\\Console\\Output\\ConsoleOutput))
#13 /var/www/html/vendor/symfony/console/Application.php(356): Symfony\\Component\\Console\\Application->doRunCommand(Object(Illuminate\\Console\\Scheduling\\ScheduleRunCommand), Object(Symfony\\Component\\Console\\Input\\ArgvInput), Object(Symfony\\Component\\Console\\Output\\ConsoleOutput))
#14 /var/www/html/vendor/symfony/console/Application.php(195): Symfony\\Component\\Console\\Application->doRun(Object(Symfony\\Component\\Console\\Input\\ArgvInput), Object(Symfony\\Component\\Console\\Output\\ConsoleOutput))
#15 /var/www/html/vendor/laravel/framework/src/Illuminate/Foundation/Console/Kernel.php(198): Symfony\\Component\\Console\\Application->run(Object(Symfony\\Component\\Console\\Input\\ArgvInput), Object(Symfony\\Component\\Console\\Output\\ConsoleOutput))
#16 /var/www/html/vendor/laravel/framework/src/Illuminate/Foundation/Application.php(1235): Illuminate\\Foundation\\Console\\Kernel->handle(Object(Symfony\\Component\\Console\\Input\\ArgvInput), Object(Symfony\\Component\\Console\\Output\\ConsoleOutput))
#17 /var/www/html/artisan(13): Illuminate\\Foundation\\Application->handleCommand(Object(Symfony\\Component\\Console\\Input\\ArgvInput))
#18 {main}
"} 
[2026-06-05 00:40:23] production.ERROR: Scheduled command ['/usr/local/bin/php' 'artisan' anonaddy:parse-postfix-mail-log] failed with exit code [1]. {"exception":"[object] (Exception(code: 0): Scheduled command ['/usr/local/bin/php' 'artisan' anonaddy:parse-postfix-mail-log] failed with exit code [1]. at /var/www/html/vendor/laravel/framework/src/Illuminate/Console/Scheduling/ScheduleRunCommand.php:215)
[stacktrace]
#0 /var/www/html/vendor/laravel/framework/src/Illuminate/Console/View/Components/Task.php(43): Illuminate\\Console\\Scheduling\\ScheduleRunCommand->Illuminate\\Console\\Scheduling\\{closure}()
#1 /var/www/html/vendor/laravel/framework/src/Illuminate/Console/View/Components/Factory.php(59): Illuminate\\Console\\View\\Components\\Task->render('<fg=gray>2026-0...', Object(Closure))
#2 /var/www/html/vendor/laravel/framework/src/Illuminate/Console/Scheduling/ScheduleRunCommand.php(199): Illuminate\\Console\\View\\Components\\Factory->__call('task', Array)
#3 /var/www/html/vendor/laravel/framework/src/Illuminate/Console/Scheduling/ScheduleRunCommand.php(142): Illuminate\\Console\\Scheduling\\ScheduleRunCommand->runEvent(Object(Illuminate\\Console\\Scheduling\\Event))
#4 /var/www/html/vendor/laravel/framework/src/Illuminate/Container/BoundMethod.php(36): Illuminate\\Console\\Scheduling\\ScheduleRunCommand->handle(Object(Illuminate\\Console\\Scheduling\\Schedule), Object(Illuminate\\Events\\Dispatcher), Object(Illuminate\\Cache\\Repository), Object(Illuminate\\Foundation\\Exceptions\\Handler))
#5 /var/www/html/vendor/laravel/framework/src/Illuminate/Container/Util.php(43): Illuminate\\Container\\BoundMethod::Illuminate\\Container\\{closure}()
#6 /var/www/html/vendor/laravel/framework/src/Illuminate/Container/BoundMethod.php(96): Illuminate\\Container\\Util::unwrapIfClosure(Object(Closure))
#7 /var/www/html/vendor/laravel/framework/src/Illuminate/Container/BoundMethod.php(35): Illuminate\\Container\\BoundMethod::callBoundMethod(Object(Illuminate\\Foundation\\Application), Array, Object(Closure))
#8 /var/www/html/vendor/laravel/framework/src/Illuminate/Container/Container.php(799): Illuminate\\Container\\BoundMethod::call(Object(Illuminate\\Foundation\\Application), Array, Array, NULL)
#9 /var/www/html/vendor/laravel/framework/src/Illuminate/Console/Command.php(280): Illuminate\\Container\\Container->call(Array)
#10 /var/www/html/vendor/symfony/console/Command/Command.php(341): Illuminate\\Console\\Command->execute(Object(Symfony\\Component\\Console\\Input\\ArgvInput), Object(Illuminate\\Console\\OutputStyle))
#11 /var/www/html/vendor/laravel/framework/src/Illuminate/Console/Command.php(249): Symfony\\Component\\Console\\Command\\Command->run(Object(Symfony\\Component\\Console\\Input\\ArgvInput), Object(Illuminate\\Console\\OutputStyle))
#12 /var/www/html/vendor/symfony/console/Application.php(1117): Illuminate\\Console\\Command->run(Object(Symfony\\Component\\Console\\Input\\ArgvInput), Object(Symfony\\Component\\Console\\Output\\ConsoleOutput))
#13 /var/www/html/vendor/symfony/console/Application.php(356): Symfony\\Component\\Console\\Application->doRunCommand(Object(Illuminate\\Console\\Scheduling\\ScheduleRunCommand), Object(Symfony\\Component\\Console\\Input\\ArgvInput), Object(Symfony\\Component\\Console\\Output\\ConsoleOutput))
#14 /var/www/html/vendor/symfony/console/Application.php(195): Symfony\\Component\\Console\\Application->doRun(Object(Symfony\\Component\\Console\\Input\\ArgvInput), Object(Symfony\\Component\\Console\\Output\\ConsoleOutput))
#15 /var/www/html/vendor/laravel/framework/src/Illuminate/Foundation/Console/Kernel.php(198): Symfony\\Component\\Console\\Application->run(Object(Symfony\\Component\\Console\\Input\\ArgvInput), Object(Symfony\\Component\\Console\\Output\\ConsoleOutput))
#16 /var/www/html/vendor/laravel/framework/src/Illuminate/Foundation/Application.php(1235): Illuminate\\Foundation\\Console\\Kernel->handle(Object(Symfony\\Component\\Console\\Input\\ArgvInput), Object(Symfony\\Component\\Console\\Output\\ConsoleOutput))
#17 /var/www/html/artisan(13): Illuminate\\Foundation\\Application->handleCommand(Object(Symfony\\Component\\Console\\Input\\ArgvInput))
#18 {main}
"} 
[2026-06-05 00:45:24] production.ERROR: Scheduled command ['/usr/local/bin/php' 'artisan' anonaddy:parse-postfix-mail-log] failed with exit code [1]. {"exception":"[object] (Exception(code: 0): Scheduled command ['/usr/local/bin/php' 'artisan' anonaddy:parse-postfix-mail-log] failed with exit code [1]. at /var/www/html/vendor/laravel/framework/src/Illuminate/Console/Scheduling/ScheduleRunCommand.php:215)
[stacktrace]
#0 /var/www/html/vendor/laravel/framework/src/Illuminate/Console/View/Components/Task.php(43): Illuminate\\Console\\Scheduling\\ScheduleRunCommand->Illuminate\\Console\\Scheduling\\{closure}()
#1 /var/www/html/vendor/laravel/framework/src/Illuminate/Console/View/Components/Factory.php(59): Illuminate\\Console\\View\\Components\\Task->render('<fg=gray>2026-0...', Object(Closure))
#2 /var/www/html/vendor/laravel/framework/src/Illuminate/Console/Scheduling/ScheduleRunCommand.php(199): Illuminate\\Console\\View\\Components\\Factory->__call('task', Array)
#3 /var/www/html/vendor/laravel/framework/src/Illuminate/Console/Scheduling/ScheduleRunCommand.php(142): Illuminate\\Console\\Scheduling\\ScheduleRunCommand->runEvent(Object(Illuminate\\Console\\Scheduling\\Event))
#4 /var/www/html/vendor/laravel/framework/src/Illuminate/Container/BoundMethod.php(36): Illuminate\\Console\\Scheduling\\ScheduleRunCommand->handle(Object(Illuminate\\Console\\Scheduling\\Schedule), Object(Illuminate\\Events\\Dispatcher), Object(Illuminate\\Cache\\Repository), Object(Illuminate\\Foundation\\Exceptions\\Handler))
#5 /var/www/html/vendor/laravel/framework/src/Illuminate/Container/Util.php(43): Illuminate\\Container\\BoundMethod::Illuminate\\Container\\{closure}()
#6 /var/www/html/vendor/laravel/framework/src/Illuminate/Container/BoundMethod.php(96): Illuminate\\Container\\Util::unwrapIfClosure(Object(Closure))
#7 /var/www/html/vendor/laravel/framework/src/Illuminate/Container/BoundMethod.php(35): Illuminate\\Container\\BoundMethod::callBoundMethod(Object(Illuminate\\Foundation\\Application), Array, Object(Closure))
#8 /var/www/html/vendor/laravel/framework/src/Illuminate/Container/Container.php(799): Illuminate\\Container\\BoundMethod::call(Object(Illuminate\\Foundation\\Application), Array, Array, NULL)
#9 /var/www/html/vendor/laravel/framework/src/Illuminate/Console/Command.php(280): Illuminate\\Container\\Container->call(Array)
#10 /var/www/html/vendor/symfony/console/Command/Command.php(341): Illuminate\\Console\\Command->execute(Object(Symfony\\Component\\Console\\Input\\ArgvInput), Object(Illuminate\\Console\\OutputStyle))
#11 /var/www/html/vendor/laravel/framework/src/Illuminate/Console/Command.php(249): Symfony\\Component\\Console\\Command\\Command->run(Object(Symfony\\Component\\Console\\Input\\ArgvInput), Object(Illuminate\\Console\\OutputStyle))
#12 /var/www/html/vendor/symfony/console/Application.php(1117): Illuminate\\Console\\Command->run(Object(Symfony\\Component\\Console\\Input\\ArgvInput), Object(Symfony\\Component\\Console\\Output\\ConsoleOutput))
#13 /var/www/html/vendor/symfony/console/Application.php(356): Symfony\\Component\\Console\\Application->doRunCommand(Object(Illuminate\\Console\\Scheduling\\ScheduleRunCommand), Object(Symfony\\Component\\Console\\Input\\ArgvInput), Object(Symfony\\Component\\Console\\Output\\ConsoleOutput))
#14 /var/www/html/vendor/symfony/console/Application.php(195): Symfony\\Component\\Console\\Application->doRun(Object(Symfony\\Component\\Console\\Input\\ArgvInput), Object(Symfony\\Component\\Console\\Output\\ConsoleOutput))
#15 /var/www/html/vendor/laravel/framework/src/Illuminate/Foundation/Console/Kernel.php(198): Symfony\\Component\\Console\\Application->run(Object(Symfony\\Component\\Console\\Input\\ArgvInput), Object(Symfony\\Component\\Console\\Output\\ConsoleOutput))
#16 /var/www/html/vendor/laravel/framework/src/Illuminate/Foundation/Application.php(1235): Illuminate\\Foundation\\Console\\Kernel->handle(Object(Symfony\\Component\\Console\\Input\\ArgvInput), Object(Symfony\\Component\\Console\\Output\\ConsoleOutput))
#17 /var/www/html/artisan(13): Illuminate\\Foundation\\Application->handleCommand(Object(Symfony\\Component\\Console\\Input\\ArgvInput))
#18 {main}
"} 
[2026-06-05 00:50:25] production.ERROR: Scheduled command ['/usr/local/bin/php' 'artisan' anonaddy:parse-postfix-mail-log] failed with exit code [1]. {"exception":"[object] (Exception(code: 0): Scheduled command ['/usr/local/bin/php' 'artisan' anonaddy:parse-postfix-mail-log] failed with exit code [1]. at /var/www/html/vendor/laravel/framework/src/Illuminate/Console/Scheduling/ScheduleRunCommand.php:215)
[stacktrace]
#0 /var/www/html/vendor/laravel/framework/src/Illuminate/Console/View/Components/Task.php(43): Illuminate\\Console\\Scheduling\\ScheduleRunCommand->Illuminate\\Console\\Scheduling\\{closure}()
#1 /var/www/html/vendor/laravel/framework/src/Illuminate/Console/View/Components/Factory.php(59): Illuminate\\Console\\View\\Components\\Task->render('<fg=gray>2026-0...', Object(Closure))
#2 /var/www/html/vendor/laravel/framework/src/Illuminate/Console/Scheduling/ScheduleRunCommand.php(199): Illuminate\\Console\\View\\Components\\Factory->__call('task', Array)
#3 /var/www/html/vendor/laravel/framework/src/Illuminate/Console/Scheduling/ScheduleRunCommand.php(142): Illuminate\\Console\\Scheduling\\ScheduleRunCommand->runEvent(Object(Illuminate\\Console\\Scheduling\\Event))
#4 /var/www/html/vendor/laravel/framework/src/Illuminate/Container/BoundMethod.php(36): Illuminate\\Console\\Scheduling\\ScheduleRunCommand->handle(Object(Illuminate\\Console\\Scheduling\\Schedule), Object(Illuminate\\Events\\Dispatcher), Object(Illuminate\\Cache\\Repository), Object(Illuminate\\Foundation\\Exceptions\\Handler))
#5 /var/www/html/vendor/laravel/framework/src/Illuminate/Container/Util.php(43): Illuminate\\Container\\BoundMethod::Illuminate\\Container\\{closure}()
#6 /var/www/html/vendor/laravel/framework/src/Illuminate/Container/BoundMethod.php(96): Illuminate\\Container\\Util::unwrapIfClosure(Object(Closure))
#7 /var/www/html/vendor/laravel/framework/src/Illuminate/Container/BoundMethod.php(35): Illuminate\\Container\\BoundMethod::callBoundMethod(Object(Illuminate\\Foundation\\Application), Array, Object(Closure))
#8 /var/www/html/vendor/laravel/framework/src/Illuminate/Container/Container.php(799): Illuminate\\Container\\BoundMethod::call(Object(Illuminate\\Foundation\\Application), Array, Array, NULL)
#9 /var/www/html/vendor/laravel/framework/src/Illuminate/Console/Command.php(280): Illuminate\\Container\\Container->call(Array)
#10 /var/www/html/vendor/symfony/console/Command/Command.php(341): Illuminate\\Console\\Command->execute(Object(Symfony\\Component\\Console\\Input\\ArgvInput), Object(Illuminate\\Console\\OutputStyle))
#11 /var/www/html/vendor/laravel/framework/src/Illuminate/Console/Command.php(249): Symfony\\Component\\Console\\Command\\Command->run(Object(Symfony\\Component\\Console\\Input\\ArgvInput), Object(Illuminate\\Console\\OutputStyle))
#12 /var/www/html/vendor/symfony/console/Application.php(1117): Illuminate\\Console\\Command->run(Object(Symfony\\Component\\Console\\Input\\ArgvInput), Object(Symfony\\Component\\Console\\Output\\ConsoleOutput))
#13 /var/www/html/vendor/symfony/console/Application.php(356): Symfony\\Component\\Console\\Application->doRunCommand(Object(Illuminate\\Console\\Scheduling\\ScheduleRunCommand), Object(Symfony\\Component\\Console\\Input\\ArgvInput), Object(Symfony\\Component\\Console\\Output\\ConsoleOutput))
#14 /var/www/html/vendor/symfony/console/Application.php(195): Symfony\\Component\\Console\\Application->doRun(Object(Symfony\\Component\\Console\\Input\\ArgvInput), Object(Symfony\\Component\\Console\\Output\\ConsoleOutput))
#15 /var/www/html/vendor/laravel/framework/src/Illuminate/Foundation/Console/Kernel.php(198): Symfony\\Component\\Console\\Application->run(Object(Symfony\\Component\\Console\\Input\\ArgvInput), Object(Symfony\\Component\\Console\\Output\\ConsoleOutput))
#16 /var/www/html/vendor/laravel/framework/src/Illuminate/Foundation/Application.php(1235): Illuminate\\Foundation\\Console\\Kernel->handle(Object(Symfony\\Component\\Console\\Input\\ArgvInput), Object(Symfony\\Component\\Console\\Output\\ConsoleOutput))
#17 /var/www/html/artisan(13): Illuminate\\Foundation\\Application->handleCommand(Object(Symfony\\Component\\Console\\Input\\ArgvInput))
#18 {main}
"} 
[2026-06-05 00:55:24] production.ERROR: Scheduled command ['/usr/local/bin/php' 'artisan' anonaddy:parse-postfix-mail-log] failed with exit code [1]. {"exception":"[object] (Exception(code: 0): Scheduled command ['/usr/local/bin/php' 'artisan' anonaddy:parse-postfix-mail-log] failed with exit code [1]. at /var/www/html/vendor/laravel/framework/src/Illuminate/Console/Scheduling/ScheduleRunCommand.php:215)
[stacktrace]
#0 /var/www/html/vendor/laravel/framework/src/Illuminate/Console/View/Components/Task.php(43): Illuminate\\Console\\Scheduling\\ScheduleRunCommand->Illuminate\\Console\\Scheduling\\{closure}()
#1 /var/www/html/vendor/laravel/framework/src/Illuminate/Console/View/Components/Factory.php(59): Illuminate\\Console\\View\\Components\\Task->render('<fg=gray>2026-0...', Object(Closure))
#2 /var/www/html/vendor/laravel/framework/src/Illuminate/Console/Scheduling/ScheduleRunCommand.php(199): Illuminate\\Console\\View\\Components\\Factory->__call('task', Array)
#3 /var/www/html/vendor/laravel/framework/src/Illuminate/Console/Scheduling/ScheduleRunCommand.php(142): Illuminate\\Console\\Scheduling\\ScheduleRunCommand->runEvent(Object(Illuminate\\Console\\Scheduling\\Event))
#4 /var/www/html/vendor/laravel/framework/src/Illuminate/Container/BoundMethod.php(36): Illuminate\\Console\\Scheduling\\ScheduleRunCommand->handle(Object(Illuminate\\Console\\Scheduling\\Schedule), Object(Illuminate\\Events\\Dispatcher), Object(Illuminate\\Cache\\Repository), Object(Illuminate\\Foundation\\Exceptions\\Handler))
#5 /var/www/html/vendor/laravel/framework/src/Illuminate/Container/Util.php(43): Illuminate\\Container\\BoundMethod::Illuminate\\Container\\{closure}()
#6 /var/www/html/vendor/laravel/framework/src/Illuminate/Container/BoundMethod.php(96): Illuminate\\Container\\Util::unwrapIfClosure(Object(Closure))
#7 /var/www/html/vendor/laravel/framework/src/Illuminate/Container/BoundMethod.php(35): Illuminate\\Container\\BoundMethod::callBoundMethod(Object(Illuminate\\Foundation\\Application), Array, Object(Closure))
#8 /var/www/html/vendor/laravel/framework/src/Illuminate/Container/Container.php(799): Illuminate\\Container\\BoundMethod::call(Object(Illuminate\\Foundation\\Application), Array, Array, NULL)
#9 /var/www/html/vendor/laravel/framework/src/Illuminate/Console/Command.php(280): Illuminate\\Container\\Container->call(Array)
#10 /var/www/html/vendor/symfony/console/Command/Command.php(341): Illuminate\\Console\\Command->execute(Object(Symfony\\Component\\Console\\Input\\ArgvInput), Object(Illuminate\\Console\\OutputStyle))
#11 /var/www/html/vendor/laravel/framework/src/Illuminate/Console/Command.php(249): Symfony\\Component\\Console\\Command\\Command->run(Object(Symfony\\Component\\Console\\Input\\ArgvInput), Object(Illuminate\\Console\\OutputStyle))
#12 /var/www/html/vendor/symfony/console/Application.php(1117): Illuminate\\Console\\Command->run(Object(Symfony\\Component\\Console\\Input\\ArgvInput), Object(Symfony\\Component\\Console\\Output\\ConsoleOutput))
#13 /var/www/html/vendor/symfony/console/Application.php(356): Symfony\\Component\\Console\\Application->doRunCommand(Object(Illuminate\\Console\\Scheduling\\ScheduleRunCommand), Object(Symfony\\Component\\Console\\Input\\ArgvInput), Object(Symfony\\Component\\Console\\Output\\ConsoleOutput))
#14 /var/www/html/vendor/symfony/console/Application.php(195): Symfony\\Component\\Console\\Application->doRun(Object(Symfony\\Component\\Console\\Input\\ArgvInput), Object(Symfony\\Component\\Console\\Output\\ConsoleOutput))
#15 /var/www/html/vendor/laravel/framework/src/Illuminate/Foundation/Console/Kernel.php(198): Symfony\\Component\\Console\\Application->run(Object(Symfony\\Component\\Console\\Input\\ArgvInput), Object(Symfony\\Component\\Console\\Output\\ConsoleOutput))
#16 /var/www/html/vendor/laravel/framework/src/Illuminate/Foundation/Application.php(1235): Illuminate\\Foundation\\Console\\Kernel->handle(Object(Symfony\\Component\\Console\\Input\\ArgvInput), Object(Symfony\\Component\\Console\\Output\\ConsoleOutput))
#17 /var/www/html/artisan(13): Illuminate\\Foundation\\Application->handleCommand(Object(Symfony\\Component\\Console\\Input\\ArgvInput))
#18 {main}
"} 
[2026-06-05 01:00:26] production.ERROR: Scheduled command ['/usr/local/bin/php' 'artisan' anonaddy:parse-postfix-mail-log] failed with exit code [1]. {"exception":"[object] (Exception(code: 0): Scheduled command ['/usr/local/bin/php' 'artisan' anonaddy:parse-postfix-mail-log] failed with exit code [1]. at /var/www/html/vendor/laravel/framework/src/Illuminate/Console/Scheduling/ScheduleRunCommand.php:215)
[stacktrace]
#0 /var/www/html/vendor/laravel/framework/src/Illuminate/Console/View/Components/Task.php(43): Illuminate\\Console\\Scheduling\\ScheduleRunCommand->Illuminate\\Console\\Scheduling\\{closure}()
#1 /var/www/html/vendor/laravel/framework/src/Illuminate/Console/View/Components/Factory.php(59): Illuminate\\Console\\View\\Components\\Task->render('<fg=gray>2026-0...', Object(Closure))
#2 /var/www/html/vendor/laravel/framework/src/Illuminate/Console/Scheduling/ScheduleRunCommand.php(199): Illuminate\\Console\\View\\Components\\Factory->__call('task', Array)
#3 /var/www/html/vendor/laravel/framework/src/Illuminate/Console/Scheduling/ScheduleRunCommand.php(142): Illuminate\\Console\\Scheduling\\ScheduleRunCommand->runEvent(Object(Illuminate\\Console\\Scheduling\\Event))
#4 /var/www/html/vendor/laravel/framework/src/Illuminate/Container/BoundMethod.php(36): Illuminate\\Console\\Scheduling\\ScheduleRunCommand->handle(Object(Illuminate\\Console\\Scheduling\\Schedule), Object(Illuminate\\Events\\Dispatcher), Object(Illuminate\\Cache\\Repository), Object(Illuminate\\Foundation\\Exceptions\\Handler))
#5 /var/www/html/vendor/laravel/framework/src/Illuminate/Container/Util.php(43): Illuminate\\Container\\BoundMethod::Illuminate\\Container\\{closure}()
#6 /var/www/html/vendor/laravel/framework/src/Illuminate/Container/BoundMethod.php(96): Illuminate\\Container\\Util::unwrapIfClosure(Object(Closure))
#7 /var/www/html/vendor/laravel/framework/src/Illuminate/Container/BoundMethod.php(35): Illuminate\\Container\\BoundMethod::callBoundMethod(Object(Illuminate\\Foundation\\Application), Array, Object(Closure))
#8 /var/www/html/vendor/laravel/framework/src/Illuminate/Container/Container.php(799): Illuminate\\Container\\BoundMethod::call(Object(Illuminate\\Foundation\\Application), Array, Array, NULL)
#9 /var/www/html/vendor/laravel/framework/src/Illuminate/Console/Command.php(280): Illuminate\\Container\\Container->call(Array)
#10 /var/www/html/vendor/symfony/console/Command/Command.php(341): Illuminate\\Console\\Command->execute(Object(Symfony\\Component\\Console\\Input\\ArgvInput), Object(Illuminate\\Console\\OutputStyle))
#11 /var/www/html/vendor/laravel/framework/src/Illuminate/Console/Command.php(249): Symfony\\Component\\Console\\Command\\Command->run(Object(Symfony\\Component\\Console\\Input\\ArgvInput), Object(Illuminate\\Console\\OutputStyle))
#12 /var/www/html/vendor/symfony/console/Application.php(1117): Illuminate\\Console\\Command->run(Object(Symfony\\Component\\Console\\Input\\ArgvInput), Object(Symfony\\Component\\Console\\Output\\ConsoleOutput))
#13 /var/www/html/vendor/symfony/console/Application.php(356): Symfony\\Component\\Console\\Application->doRunCommand(Object(Illuminate\\Console\\Scheduling\\ScheduleRunCommand), Object(Symfony\\Component\\Console\\Input\\ArgvInput), Object(Symfony\\Component\\Console\\Output\\ConsoleOutput))
#14 /var/www/html/vendor/symfony/console/Application.php(195): Symfony\\Component\\Console\\Application->doRun(Object(Symfony\\Component\\Console\\Input\\ArgvInput), Object(Symfony\\Component\\Console\\Output\\ConsoleOutput))
#15 /var/www/html/vendor/laravel/framework/src/Illuminate/Foundation/Console/Kernel.php(198): Symfony\\Component\\Console\\Application->run(Object(Symfony\\Component\\Console\\Input\\ArgvInput), Object(Symfony\\Component\\Console\\Output\\ConsoleOutput))
#16 /var/www/html/vendor/laravel/framework/src/Illuminate/Foundation/Application.php(1235): Illuminate\\Foundation\\Console\\Kernel->handle(Object(Symfony\\Component\\Console\\Input\\ArgvInput), Object(Symfony\\Component\\Console\\Output\\ConsoleOutput))
#17 /var/www/html/artisan(13): Illuminate\\Foundation\\Application->handleCommand(Object(Symfony\\Component\\Console\\Input\\ArgvInput))
#18 {main}
"} 
[2026-06-05 01:05:24] production.ERROR: Scheduled command ['/usr/local/bin/php' 'artisan' anonaddy:parse-postfix-mail-log] failed with exit code [1]. {"exception":"[object] (Exception(code: 0): Scheduled command ['/usr/local/bin/php' 'artisan' anonaddy:parse-postfix-mail-log] failed with exit code [1]. at /var/www/html/vendor/laravel/framework/src/Illuminate/Console/Scheduling/ScheduleRunCommand.php:215)
[stacktrace]
#0 /var/www/html/vendor/laravel/framework/src/Illuminate/Console/View/Components/Task.php(43): Illuminate\\Console\\Scheduling\\ScheduleRunCommand->Illuminate\\Console\\Scheduling\\{closure}()
#1 /var/www/html/vendor/laravel/framework/src/Illuminate/Console/View/Components/Factory.php(59): Illuminate\\Console\\View\\Components\\Task->render('<fg=gray>2026-0...', Object(Closure))
#2 /var/www/html/vendor/laravel/framework/src/Illuminate/Console/Scheduling/ScheduleRunCommand.php(199): Illuminate\\Console\\View\\Components\\Factory->__call('task', Array)
#3 /var/www/html/vendor/laravel/framework/src/Illuminate/Console/Scheduling/ScheduleRunCommand.php(142): Illuminate\\Console\\Scheduling\\ScheduleRunCommand->runEvent(Object(Illuminate\\Console\\Scheduling\\Event))
#4 /var/www/html/vendor/laravel/framework/src/Illuminate/Container/BoundMethod.php(36): Illuminate\\Console\\Scheduling\\ScheduleRunCommand->handle(Object(Illuminate\\Console\\Scheduling\\Schedule), Object(Illuminate\\Events\\Dispatcher), Object(Illuminate\\Cache\\Repository), Object(Illuminate\\Foundation\\Exceptions\\Handler))
#5 /var/www/html/vendor/laravel/framework/src/Illuminate/Container/Util.php(43): Illuminate\\Container\\BoundMethod::Illuminate\\Container\\{closure}()
#6 /var/www/html/vendor/laravel/framework/src/Illuminate/Container/BoundMethod.php(96): Illuminate\\Container\\Util::unwrapIfClosure(Object(Closure))
#7 /var/www/html/vendor/laravel/framework/src/Illuminate/Container/BoundMethod.php(35): Illuminate\\Container\\BoundMethod::callBoundMethod(Object(Illuminate\\Foundation\\Application), Array, Object(Closure))
#8 /var/www/html/vendor/laravel/framework/src/Illuminate/Container/Container.php(799): Illuminate\\Container\\BoundMethod::call(Object(Illuminate\\Foundation\\Application), Array, Array, NULL)
#9 /var/www/html/vendor/laravel/framework/src/Illuminate/Console/Command.php(280): Illuminate\\Container\\Container->call(Array)
#10 /var/www/html/vendor/symfony/console/Command/Command.php(341): Illuminate\\Console\\Command->execute(Object(Symfony\\Component\\Console\\Input\\ArgvInput), Object(Illuminate\\Console\\OutputStyle))
#11 /var/www/html/vendor/laravel/framework/src/Illuminate/Console/Command.php(249): Symfony\\Component\\Console\\Command\\Command->run(Object(Symfony\\Component\\Console\\Input\\ArgvInput), Object(Illuminate\\Console\\OutputStyle))
#12 /var/www/html/vendor/symfony/console/Application.php(1117): Illuminate\\Console\\Command->run(Object(Symfony\\Component\\Console\\Input\\ArgvInput), Object(Symfony\\Component\\Console\\Output\\ConsoleOutput))
#13 /var/www/html/vendor/symfony/console/Application.php(356): Symfony\\Component\\Console\\Application->doRunCommand(Object(Illuminate\\Console\\Scheduling\\ScheduleRunCommand), Object(Symfony\\Component\\Console\\Input\\ArgvInput), Object(Symfony\\Component\\Console\\Output\\ConsoleOutput))
#14 /var/www/html/vendor/symfony/console/Application.php(195): Symfony\\Component\\Console\\Application->doRun(Object(Symfony\\Component\\Console\\Input\\ArgvInput), Object(Symfony\\Component\\Console\\Output\\ConsoleOutput))
#15 /var/www/html/vendor/laravel/framework/src/Illuminate/Foundation/Console/Kernel.php(198): Symfony\\Component\\Console\\Application->run(Object(Symfony\\Component\\Console\\Input\\ArgvInput), Object(Symfony\\Component\\Console\\Output\\ConsoleOutput))
#16 /var/www/html/vendor/laravel/framework/src/Illuminate/Foundation/Application.php(1235): Illuminate\\Foundation\\Console\\Kernel->handle(Object(Symfony\\Component\\Console\\Input\\ArgvInput), Object(Symfony\\Component\\Console\\Output\\ConsoleOutput))
#17 /var/www/html/artisan(13): Illuminate\\Foundation\\Application->handleCommand(Object(Symfony\\Component\\Console\\Input\\ArgvInput))
#18 {main}
"} 
[2026-06-05 01:10:25] production.ERROR: Scheduled command ['/usr/local/bin/php' 'artisan' anonaddy:parse-postfix-mail-log] failed with exit code [1]. {"exception":"[object] (Exception(code: 0): Scheduled command ['/usr/local/bin/php' 'artisan' anonaddy:parse-postfix-mail-log] failed with exit code [1]. at /var/www/html/vendor/laravel/framework/src/Illuminate/Console/Scheduling/ScheduleRunCommand.php:215)
[stacktrace]
#0 /var/www/html/vendor/laravel/framework/src/Illuminate/Console/View/Components/Task.php(43): Illuminate\\Console\\Scheduling\\ScheduleRunCommand->Illuminate\\Console\\Scheduling\\{closure}()
#1 /var/www/html/vendor/laravel/framework/src/Illuminate/Console/View/Components/Factory.php(59): Illuminate\\Console\\View\\Components\\Task->render('<fg=gray>2026-0...', Object(Closure))
#2 /var/www/html/vendor/laravel/framework/src/Illuminate/Console/Scheduling/ScheduleRunCommand.php(199): Illuminate\\Console\\View\\Components\\Factory->__call('task', Array)
#3 /var/www/html/vendor/laravel/framework/src/Illuminate/Console/Scheduling/ScheduleRunCommand.php(142): Illuminate\\Console\\Scheduling\\ScheduleRunCommand->runEvent(Object(Illuminate\\Console\\Scheduling\\Event))
#4 /var/www/html/vendor/laravel/framework/src/Illuminate/Container/BoundMethod.php(36): Illuminate\\Console\\Scheduling\\ScheduleRunCommand->handle(Object(Illuminate\\Console\\Scheduling\\Schedule), Object(Illuminate\\Events\\Dispatcher), Object(Illuminate\\Cache\\Repository), Object(Illuminate\\Foundation\\Exceptions\\Handler))
#5 /var/www/html/vendor/laravel/framework/src/Illuminate/Container/Util.php(43): Illuminate\\Container\\BoundMethod::Illuminate\\Container\\{closure}()
#6 /var/www/html/vendor/laravel/framework/src/Illuminate/Container/BoundMethod.php(96): Illuminate\\Container\\Util::unwrapIfClosure(Object(Closure))
#7 /var/www/html/vendor/laravel/framework/src/Illuminate/Container/BoundMethod.php(35): Illuminate\\Container\\BoundMethod::callBoundMethod(Object(Illuminate\\Foundation\\Application), Array, Object(Closure))
#8 /var/www/html/vendor/laravel/framework/src/Illuminate/Container/Container.php(799): Illuminate\\Container\\BoundMethod::call(Object(Illuminate\\Foundation\\Application), Array, Array, NULL)
#9 /var/www/html/vendor/laravel/framework/src/Illuminate/Console/Command.php(280): Illuminate\\Container\\Container->call(Array)
#10 /var/www/html/vendor/symfony/console/Command/Command.php(341): Illuminate\\Console\\Command->execute(Object(Symfony\\Component\\Console\\Input\\ArgvInput), Object(Illuminate\\Console\\OutputStyle))
#11 /var/www/html/vendor/laravel/framework/src/Illuminate/Console/Command.php(249): Symfony\\Component\\Console\\Command\\Command->run(Object(Symfony\\Component\\Console\\Input\\ArgvInput), Object(Illuminate\\Console\\OutputStyle))
#12 /var/www/html/vendor/symfony/console/Application.php(1117): Illuminate\\Console\\Command->run(Object(Symfony\\Component\\Console\\Input\\ArgvInput), Object(Symfony\\Component\\Console\\Output\\ConsoleOutput))
#13 /var/www/html/vendor/symfony/console/Application.php(356): Symfony\\Component\\Console\\Application->doRunCommand(Object(Illuminate\\Console\\Scheduling\\ScheduleRunCommand), Object(Symfony\\Component\\Console\\Input\\ArgvInput), Object(Symfony\\Component\\Console\\Output\\ConsoleOutput))
#14 /var/www/html/vendor/symfony/console/Application.php(195): Symfony\\Component\\Console\\Application->doRun(Object(Symfony\\Component\\Console\\Input\\ArgvInput), Object(Symfony\\Component\\Console\\Output\\ConsoleOutput))
#15 /var/www/html/vendor/laravel/framework/src/Illuminate/Foundation/Console/Kernel.php(198): Symfony\\Component\\Console\\Application->run(Object(Symfony\\Component\\Console\\Input\\ArgvInput), Object(Symfony\\Component\\Console\\Output\\ConsoleOutput))
#16 /var/www/html/vendor/laravel/framework/src/Illuminate/Foundation/Application.php(1235): Illuminate\\Foundation\\Console\\Kernel->handle(Object(Symfony\\Component\\Console\\Input\\ArgvInput), Object(Symfony\\Component\\Console\\Output\\ConsoleOutput))
#17 /var/www/html/artisan(13): Illuminate\\Foundation\\Application->handleCommand(Object(Symfony\\Component\\Console\\Input\\ArgvInput))
#18 {main}
"} 
[2026-06-05 01:15:24] production.ERROR: Scheduled command ['/usr/local/bin/php' 'artisan' anonaddy:parse-postfix-mail-log] failed with exit code [1]. {"exception":"[object] (Exception(code: 0): Scheduled command ['/usr/local/bin/php' 'artisan' anonaddy:parse-postfix-mail-log] failed with exit code [1]. at /var/www/html/vendor/laravel/framework/src/Illuminate/Console/Scheduling/ScheduleRunCommand.php:215)
[stacktrace]
#0 /var/www/html/vendor/laravel/framework/src/Illuminate/Console/View/Components/Task.php(43): Illuminate\\Console\\Scheduling\\ScheduleRunCommand->Illuminate\\Console\\Scheduling\\{closure}()
#1 /var/www/html/vendor/laravel/framework/src/Illuminate/Console/View/Components/Factory.php(59): Illuminate\\Console\\View\\Components\\Task->render('<fg=gray>2026-0...', Object(Closure))
#2 /var/www/html/vendor/laravel/framework/src/Illuminate/Console/Scheduling/ScheduleRunCommand.php(199): Illuminate\\Console\\View\\Components\\Factory->__call('task', Array)
#3 /var/www/html/vendor/laravel/framework/src/Illuminate/Console/Scheduling/ScheduleRunCommand.php(142): Illuminate\\Console\\Scheduling\\ScheduleRunCommand->runEvent(Object(Illuminate\\Console\\Scheduling\\Event))
#4 /var/www/html/vendor/laravel/framework/src/Illuminate/Container/BoundMethod.php(36): Illuminate\\Console\\Scheduling\\ScheduleRunCommand->handle(Object(Illuminate\\Console\\Scheduling\\Schedule), Object(Illuminate\\Events\\Dispatcher), Object(Illuminate\\Cache\\Repository), Object(Illuminate\\Foundation\\Exceptions\\Handler))
#5 /var/www/html/vendor/laravel/framework/src/Illuminate/Container/Util.php(43): Illuminate\\Container\\BoundMethod::Illuminate\\Container\\{closure}()
#6 /var/www/html/vendor/laravel/framework/src/Illuminate/Container/BoundMethod.php(96): Illuminate\\Container\\Util::unwrapIfClosure(Object(Closure))
#7 /var/www/html/vendor/laravel/framework/src/Illuminate/Container/BoundMethod.php(35): Illuminate\\Container\\BoundMethod::callBoundMethod(Object(Illuminate\\Foundation\\Application), Array, Object(Closure))
#8 /var/www/html/vendor/laravel/framework/src/Illuminate/Container/Container.php(799): Illuminate\\Container\\BoundMethod::call(Object(Illuminate\\Foundation\\Application), Array, Array, NULL)
#9 /var/www/html/vendor/laravel/framework/src/Illuminate/Console/Command.php(280): Illuminate\\Container\\Container->call(Array)
#10 /var/www/html/vendor/symfony/console/Command/Command.php(341): Illuminate\\Console\\Command->execute(Object(Symfony\\Component\\Console\\Input\\ArgvInput), Object(Illuminate\\Console\\OutputStyle))
#11 /var/www/html/vendor/laravel/framework/src/Illuminate/Console/Command.php(249): Symfony\\Component\\Console\\Command\\Command->run(Object(Symfony\\Component\\Console\\Input\\ArgvInput), Object(Illuminate\\Console\\OutputStyle))
#12 /var/www/html/vendor/symfony/console/Application.php(1117): Illuminate\\Console\\Command->run(Object(Symfony\\Component\\Console\\Input\\ArgvInput), Object(Symfony\\Component\\Console\\Output\\ConsoleOutput))
#13 /var/www/html/vendor/symfony/console/Application.php(356): Symfony\\Component\\Console\\Application->doRunCommand(Object(Illuminate\\Console\\Scheduling\\ScheduleRunCommand), Object(Symfony\\Component\\Console\\Input\\ArgvInput), Object(Symfony\\Component\\Console\\Output\\ConsoleOutput))
#14 /var/www/html/vendor/symfony/console/Application.php(195): Symfony\\Component\\Console\\Application->doRun(Object(Symfony\\Component\\Console\\Input\\ArgvInput), Object(Symfony\\Component\\Console\\Output\\ConsoleOutput))
#15 /var/www/html/vendor/laravel/framework/src/Illuminate/Foundation/Console/Kernel.php(198): Symfony\\Component\\Console\\Application->run(Object(Symfony\\Component\\Console\\Input\\ArgvInput), Object(Symfony\\Component\\Console\\Output\\ConsoleOutput))
#16 /var/www/html/vendor/laravel/framework/src/Illuminate/Foundation/Application.php(1235): Illuminate\\Foundation\\Console\\Kernel->handle(Object(Symfony\\Component\\Console\\Input\\ArgvInput), Object(Symfony\\Component\\Console\\Output\\ConsoleOutput))
#17 /var/www/html/artisan(13): Illuminate\\Foundation\\Application->handleCommand(Object(Symfony\\Component\\Console\\Input\\ArgvInput))
#18 {main}
"} 
[2026-06-05 01:20:24] production.ERROR: Scheduled command ['/usr/local/bin/php' 'artisan' anonaddy:parse-postfix-mail-log] failed with exit code [1]. {"exception":"[object] (Exception(code: 0): Scheduled command ['/usr/local/bin/php' 'artisan' anonaddy:parse-postfix-mail-log] failed with exit code [1]. at /var/www/html/vendor/laravel/framework/src/Illuminate/Console/Scheduling/ScheduleRunCommand.php:215)
[stacktrace]
#0 /var/www/html/vendor/laravel/framework/src/Illuminate/Console/View/Components/Task.php(43): Illuminate\\Console\\Scheduling\\ScheduleRunCommand->Illuminate\\Console\\Scheduling\\{closure}()
#1 /var/www/html/vendor/laravel/framework/src/Illuminate/Console/View/Components/Factory.php(59): Illuminate\\Console\\View\\Components\\Task->render('<fg=gray>2026-0...', Object(Closure))
#2 /var/www/html/vendor/laravel/framework/src/Illuminate/Console/Scheduling/ScheduleRunCommand.php(199): Illuminate\\Console\\View\\Components\\Factory->__call('task', Array)
#3 /var/www/html/vendor/laravel/framework/src/Illuminate/Console/Scheduling/ScheduleRunCommand.php(142): Illuminate\\Console\\Scheduling\\ScheduleRunCommand->runEvent(Object(Illuminate\\Console\\Scheduling\\Event))
#4 /var/www/html/vendor/laravel/framework/src/Illuminate/Container/BoundMethod.php(36): Illuminate\\Console\\Scheduling\\ScheduleRunCommand->handle(Object(Illuminate\\Console\\Scheduling\\Schedule), Object(Illuminate\\Events\\Dispatcher), Object(Illuminate\\Cache\\Repository), Object(Illuminate\\Foundation\\Exceptions\\Handler))
#5 /var/www/html/vendor/laravel/framework/src/Illuminate/Container/Util.php(43): Illuminate\\Container\\BoundMethod::Illuminate\\Container\\{closure}()
#6 /var/www/html/vendor/laravel/framework/src/Illuminate/Container/BoundMethod.php(96): Illuminate\\Container\\Util::unwrapIfClosure(Object(Closure))
#7 /var/www/html/vendor/laravel/framework/src/Illuminate/Container/BoundMethod.php(35): Illuminate\\Container\\BoundMethod::callBoundMethod(Object(Illuminate\\Foundation\\Application), Array, Object(Closure))
#8 /var/www/html/vendor/laravel/framework/src/Illuminate/Container/Container.php(799): Illuminate\\Container\\BoundMethod::call(Object(Illuminate\\Foundation\\Application), Array, Array, NULL)
#9 /var/www/html/vendor/laravel/framework/src/Illuminate/Console/Command.php(280): Illuminate\\Container\\Container->call(Array)
#10 /var/www/html/vendor/symfony/console/Command/Command.php(341): Illuminate\\Console\\Command->execute(Object(Symfony\\Component\\Console\\Input\\ArgvInput), Object(Illuminate\\Console\\OutputStyle))
#11 /var/www/html/vendor/laravel/framework/src/Illuminate/Console/Command.php(249): Symfony\\Component\\Console\\Command\\Command->run(Object(Symfony\\Component\\Console\\Input\\ArgvInput), Object(Illuminate\\Console\\OutputStyle))
#12 /var/www/html/vendor/symfony/console/Application.php(1117): Illuminate\\Console\\Command->run(Object(Symfony\\Component\\Console\\Input\\ArgvInput), Object(Symfony\\Component\\Console\\Output\\ConsoleOutput))
#13 /var/www/html/vendor/symfony/console/Application.php(356): Symfony\\Component\\Console\\Application->doRunCommand(Object(Illuminate\\Console\\Scheduling\\ScheduleRunCommand), Object(Symfony\\Component\\Console\\Input\\ArgvInput), Object(Symfony\\Component\\Console\\Output\\ConsoleOutput))
#14 /var/www/html/vendor/symfony/console/Application.php(195): Symfony\\Component\\Console\\Application->doRun(Object(Symfony\\Component\\Console\\Input\\ArgvInput), Object(Symfony\\Component\\Console\\Output\\ConsoleOutput))
#15 /var/www/html/vendor/laravel/framework/src/Illuminate/Foundation/Console/Kernel.php(198): Symfony\\Component\\Console\\Application->run(Object(Symfony\\Component\\Console\\Input\\ArgvInput), Object(Symfony\\Component\\Console\\Output\\ConsoleOutput))
#16 /var/www/html/vendor/laravel/framework/src/Illuminate/Foundation/Application.php(1235): Illuminate\\Foundation\\Console\\Kernel->handle(Object(Symfony\\Component\\Console\\Input\\ArgvInput), Object(Symfony\\Component\\Console\\Output\\ConsoleOutput))
#17 /var/www/html/artisan(13): Illuminate\\Foundation\\Application->handleCommand(Object(Symfony\\Component\\Console\\Input\\ArgvInput))
#18 {main}
"} 
[2026-06-05 01:25:23] production.ERROR: Scheduled command ['/usr/local/bin/php' 'artisan' anonaddy:parse-postfix-mail-log] failed with exit code [1]. {"exception":"[object] (Exception(code: 0): Scheduled command ['/usr/local/bin/php' 'artisan' anonaddy:parse-postfix-mail-log] failed with exit code [1]. at /var/www/html/vendor/laravel/framework/src/Illuminate/Console/Scheduling/ScheduleRunCommand.php:215)
[stacktrace]
#0 /var/www/html/vendor/laravel/framework/src/Illuminate/Console/View/Components/Task.php(43): Illuminate\\Console\\Scheduling\\ScheduleRunCommand->Illuminate\\Console\\Scheduling\\{closure}()
#1 /var/www/html/vendor/laravel/framework/src/Illuminate/Console/View/Components/Factory.php(59): Illuminate\\Console\\View\\Components\\Task->render('<fg=gray>2026-0...', Object(Closure))
#2 /var/www/html/vendor/laravel/framework/src/Illuminate/Console/Scheduling/ScheduleRunCommand.php(199): Illuminate\\Console\\View\\Components\\Factory->__call('task', Array)
#3 /var/www/html/vendor/laravel/framework/src/Illuminate/Console/Scheduling/ScheduleRunCommand.php(142): Illuminate\\Console\\Scheduling\\ScheduleRunCommand->runEvent(Object(Illuminate\\Console\\Scheduling\\Event))
#4 /var/www/html/vendor/laravel/framework/src/Illuminate/Container/BoundMethod.php(36): Illuminate\\Console\\Scheduling\\ScheduleRunCommand->handle(Object(Illuminate\\Console\\Scheduling\\Schedule), Object(Illuminate\\Events\\Dispatcher), Object(Illuminate\\Cache\\Repository), Object(Illuminate\\Foundation\\Exceptions\\Handler))
#5 /var/www/html/vendor/laravel/framework/src/Illuminate/Container/Util.php(43): Illuminate\\Container\\BoundMethod::Illuminate\\Container\\{closure}()
#6 /var/www/html/vendor/laravel/framework/src/Illuminate/Container/BoundMethod.php(96): Illuminate\\Container\\Util::unwrapIfClosure(Object(Closure))
#7 /var/www/html/vendor/laravel/framework/src/Illuminate/Container/BoundMethod.php(35): Illuminate\\Container\\BoundMethod::callBoundMethod(Object(Illuminate\\Foundation\\Application), Array, Object(Closure))
#8 /var/www/html/vendor/laravel/framework/src/Illuminate/Container/Container.php(799): Illuminate\\Container\\BoundMethod::call(Object(Illuminate\\Foundation\\Application), Array, Array, NULL)
#9 /var/www/html/vendor/laravel/framework/src/Illuminate/Console/Command.php(280): Illuminate\\Container\\Container->call(Array)
#10 /var/www/html/vendor/symfony/console/Command/Command.php(341): Illuminate\\Console\\Command->execute(Object(Symfony\\Component\\Console\\Input\\ArgvInput), Object(Illuminate\\Console\\OutputStyle))
#11 /var/www/html/vendor/laravel/framework/src/Illuminate/Console/Command.php(249): Symfony\\Component\\Console\\Command\\Command->run(Object(Symfony\\Component\\Console\\Input\\ArgvInput), Object(Illuminate\\Console\\OutputStyle))
#12 /var/www/html/vendor/symfony/console/Application.php(1117): Illuminate\\Console\\Command->run(Object(Symfony\\Component\\Console\\Input\\ArgvInput), Object(Symfony\\Component\\Console\\Output\\ConsoleOutput))
#13 /var/www/html/vendor/symfony/console/Application.php(356): Symfony\\Component\\Console\\Application->doRunCommand(Object(Illuminate\\Console\\Scheduling\\ScheduleRunCommand), Object(Symfony\\Component\\Console\\Input\\ArgvInput), Object(Symfony\\Component\\Console\\Output\\ConsoleOutput))
#14 /var/www/html/vendor/symfony/console/Application.php(195): Symfony\\Component\\Console\\Application->doRun(Object(Symfony\\Component\\Console\\Input\\ArgvInput), Object(Symfony\\Component\\Console\\Output\\ConsoleOutput))
#15 /var/www/html/vendor/laravel/framework/src/Illuminate/Foundation/Console/Kernel.php(198): Symfony\\Component\\Console\\Application->run(Object(Symfony\\Component\\Console\\Input\\ArgvInput), Object(Symfony\\Component\\Console\\Output\\ConsoleOutput))
#16 /var/www/html/vendor/laravel/framework/src/Illuminate/Foundation/Application.php(1235): Illuminate\\Foundation\\Console\\Kernel->handle(Object(Symfony\\Component\\Console\\Input\\ArgvInput), Object(Symfony\\Component\\Console\\Output\\ConsoleOutput))
#17 /var/www/html/artisan(13): Illuminate\\Foundation\\Application->handleCommand(Object(Symfony\\Component\\Console\\Input\\ArgvInput))
#18 {main}
"} 
[2026-06-05 01:30:26] production.ERROR: Scheduled command ['/usr/local/bin/php' 'artisan' anonaddy:parse-postfix-mail-log] failed with exit code [1]. {"exception":"[object] (Exception(code: 0): Scheduled command ['/usr/local/bin/php' 'artisan' anonaddy:parse-postfix-mail-log] failed with exit code [1]. at /var/www/html/vendor/laravel/framework/src/Illuminate/Console/Scheduling/ScheduleRunCommand.php:215)
[stacktrace]
#0 /var/www/html/vendor/laravel/framework/src/Illuminate/Console/View/Components/Task.php(43): Illuminate\\Console\\Scheduling\\ScheduleRunCommand->Illuminate\\Console\\Scheduling\\{closure}()
#1 /var/www/html/vendor/laravel/framework/src/Illuminate/Console/View/Components/Factory.php(59): Illuminate\\Console\\View\\Components\\Task->render('<fg=gray>2026-0...', Object(Closure))
#2 /var/www/html/vendor/laravel/framework/src/Illuminate/Console/Scheduling/ScheduleRunCommand.php(199): Illuminate\\Console\\View\\Components\\Factory->__call('task', Array)
#3 /var/www/html/vendor/laravel/framework/src/Illuminate/Console/Scheduling/ScheduleRunCommand.php(142): Illuminate\\Console\\Scheduling\\ScheduleRunCommand->runEvent(Object(Illuminate\\Console\\Scheduling\\Event))
#4 /var/www/html/vendor/laravel/framework/src/Illuminate/Container/BoundMethod.php(36): Illuminate\\Console\\Scheduling\\ScheduleRunCommand->handle(Object(Illuminate\\Console\\Scheduling\\Schedule), Object(Illuminate\\Events\\Dispatcher), Object(Illuminate\\Cache\\Repository), Object(Illuminate\\Foundation\\Exceptions\\Handler))
#5 /var/www/html/vendor/laravel/framework/src/Illuminate/Container/Util.php(43): Illuminate\\Container\\BoundMethod::Illuminate\\Container\\{closure}()
#6 /var/www/html/vendor/laravel/framework/src/Illuminate/Container/BoundMethod.php(96): Illuminate\\Container\\Util::unwrapIfClosure(Object(Closure))
#7 /var/www/html/vendor/laravel/framework/src/Illuminate/Container/BoundMethod.php(35): Illuminate\\Container\\BoundMethod::callBoundMethod(Object(Illuminate\\Foundation\\Application), Array, Object(Closure))
#8 /var/www/html/vendor/laravel/framework/src/Illuminate/Container/Container.php(799): Illuminate\\Container\\BoundMethod::call(Object(Illuminate\\Foundation\\Application), Array, Array, NULL)
#9 /var/www/html/vendor/laravel/framework/src/Illuminate/Console/Command.php(280): Illuminate\\Container\\Container->call(Array)
#10 /var/www/html/vendor/symfony/console/Command/Command.php(341): Illuminate\\Console\\Command->execute(Object(Symfony\\Component\\Console\\Input\\ArgvInput), Object(Illuminate\\Console\\OutputStyle))
#11 /var/www/html/vendor/laravel/framework/src/Illuminate/Console/Command.php(249): Symfony\\Component\\Console\\Command\\Command->run(Object(Symfony\\Component\\Console\\Input\\ArgvInput), Object(Illuminate\\Console\\OutputStyle))
#12 /var/www/html/vendor/symfony/console/Application.php(1117): Illuminate\\Console\\Command->run(Object(Symfony\\Component\\Console\\Input\\ArgvInput), Object(Symfony\\Component\\Console\\Output\\ConsoleOutput))
#13 /var/www/html/vendor/symfony/console/Application.php(356): Symfony\\Component\\Console\\Application->doRunCommand(Object(Illuminate\\Console\\Scheduling\\ScheduleRunCommand), Object(Symfony\\Component\\Console\\Input\\ArgvInput), Object(Symfony\\Component\\Console\\Output\\ConsoleOutput))
#14 /var/www/html/vendor/symfony/console/Application.php(195): Symfony\\Component\\Console\\Application->doRun(Object(Symfony\\Component\\Console\\Input\\ArgvInput), Object(Symfony\\Component\\Console\\Output\\ConsoleOutput))
#15 /var/www/html/vendor/laravel/framework/src/Illuminate/Foundation/Console/Kernel.php(198): Symfony\\Component\\Console\\Application->run(Object(Symfony\\Component\\Console\\Input\\ArgvInput), Object(Symfony\\Component\\Console\\Output\\ConsoleOutput))
#16 /var/www/html/vendor/laravel/framework/src/Illuminate/Foundation/Application.php(1235): Illuminate\\Foundation\\Console\\Kernel->handle(Object(Symfony\\Component\\Console\\Input\\ArgvInput), Object(Symfony\\Component\\Console\\Output\\ConsoleOutput))
#17 /var/www/html/artisan(13): Illuminate\\Foundation\\Application->handleCommand(Object(Symfony\\Component\\Console\\Input\\ArgvInput))
#18 {main}
"} 
[2026-06-05 01:35:23] production.ERROR: Scheduled command ['/usr/local/bin/php' 'artisan' anonaddy:parse-postfix-mail-log] failed with exit code [1]. {"exception":"[object] (Exception(code: 0): Scheduled command ['/usr/local/bin/php' 'artisan' anonaddy:parse-postfix-mail-log] failed with exit code [1]. at /var/www/html/vendor/laravel/framework/src/Illuminate/Console/Scheduling/ScheduleRunCommand.php:215)
[stacktrace]
#0 /var/www/html/vendor/laravel/framework/src/Illuminate/Console/View/Components/Task.php(43): Illuminate\\Console\\Scheduling\\ScheduleRunCommand->Illuminate\\Console\\Scheduling\\{closure}()
#1 /var/www/html/vendor/laravel/framework/src/Illuminate/Console/View/Components/Factory.php(59): Illuminate\\Console\\View\\Components\\Task->render('<fg=gray>2026-0...', Object(Closure))
#2 /var/www/html/vendor/laravel/framework/src/Illuminate/Console/Scheduling/ScheduleRunCommand.php(199): Illuminate\\Console\\View\\Components\\Factory->__call('task', Array)
#3 /var/www/html/vendor/laravel/framework/src/Illuminate/Console/Scheduling/ScheduleRunCommand.php(142): Illuminate\\Console\\Scheduling\\ScheduleRunCommand->runEvent(Object(Illuminate\\Console\\Scheduling\\Event))
#4 /var/www/html/vendor/laravel/framework/src/Illuminate/Container/BoundMethod.php(36): Illuminate\\Console\\Scheduling\\ScheduleRunCommand->handle(Object(Illuminate\\Console\\Scheduling\\Schedule), Object(Illuminate\\Events\\Dispatcher), Object(Illuminate\\Cache\\Repository), Object(Illuminate\\Foundation\\Exceptions\\Handler))
#5 /var/www/html/vendor/laravel/framework/src/Illuminate/Container/Util.php(43): Illuminate\\Container\\BoundMethod::Illuminate\\Container\\{closure}()
#6 /var/www/html/vendor/laravel/framework/src/Illuminate/Container/BoundMethod.php(96): Illuminate\\Container\\Util::unwrapIfClosure(Object(Closure))
#7 /var/www/html/vendor/laravel/framework/src/Illuminate/Container/BoundMethod.php(35): Illuminate\\Container\\BoundMethod::callBoundMethod(Object(Illuminate\\Foundation\\Application), Array, Object(Closure))
#8 /var/www/html/vendor/laravel/framework/src/Illuminate/Container/Container.php(799): Illuminate\\Container\\BoundMethod::call(Object(Illuminate\\Foundation\\Application), Array, Array, NULL)
#9 /var/www/html/vendor/laravel/framework/src/Illuminate/Console/Command.php(280): Illuminate\\Container\\Container->call(Array)
#10 /var/www/html/vendor/symfony/console/Command/Command.php(341): Illuminate\\Console\\Command->execute(Object(Symfony\\Component\\Console\\Input\\ArgvInput), Object(Illuminate\\Console\\OutputStyle))
#11 /var/www/html/vendor/laravel/framework/src/Illuminate/Console/Command.php(249): Symfony\\Component\\Console\\Command\\Command->run(Object(Symfony\\Component\\Console\\Input\\ArgvInput), Object(Illuminate\\Console\\OutputStyle))
#12 /var/www/html/vendor/symfony/console/Application.php(1117): Illuminate\\Console\\Command->run(Object(Symfony\\Component\\Console\\Input\\ArgvInput), Object(Symfony\\Component\\Console\\Output\\ConsoleOutput))
#13 /var/www/html/vendor/symfony/console/Application.php(356): Symfony\\Component\\Console\\Application->doRunCommand(Object(Illuminate\\Console\\Scheduling\\ScheduleRunCommand), Object(Symfony\\Component\\Console\\Input\\ArgvInput), Object(Symfony\\Component\\Console\\Output\\ConsoleOutput))
#14 /var/www/html/vendor/symfony/console/Application.php(195): Symfony\\Component\\Console\\Application->doRun(Object(Symfony\\Component\\Console\\Input\\ArgvInput), Object(Symfony\\Component\\Console\\Output\\ConsoleOutput))
#15 /var/www/html/vendor/laravel/framework/src/Illuminate/Foundation/Console/Kernel.php(198): Symfony\\Component\\Console\\Application->run(Object(Symfony\\Component\\Console\\Input\\ArgvInput), Object(Symfony\\Component\\Console\\Output\\ConsoleOutput))
#16 /var/www/html/vendor/laravel/framework/src/Illuminate/Foundation/Application.php(1235): Illuminate\\Foundation\\Console\\Kernel->handle(Object(Symfony\\Component\\Console\\Input\\ArgvInput), Object(Symfony\\Component\\Console\\Output\\ConsoleOutput))
#17 /var/www/html/artisan(13): Illuminate\\Foundation\\Application->handleCommand(Object(Symfony\\Component\\Console\\Input\\ArgvInput))
#18 {main}
"} 
[2026-06-05 01:40:24] production.ERROR: Scheduled command ['/usr/local/bin/php' 'artisan' anonaddy:parse-postfix-mail-log] failed with exit code [1]. {"exception":"[object] (Exception(code: 0): Scheduled command ['/usr/local/bin/php' 'artisan' anonaddy:parse-postfix-mail-log] failed with exit code [1]. at /var/www/html/vendor/laravel/framework/src/Illuminate/Console/Scheduling/ScheduleRunCommand.php:215)
[stacktrace]
#0 /var/www/html/vendor/laravel/framework/src/Illuminate/Console/View/Components/Task.php(43): Illuminate\\Console\\Scheduling\\ScheduleRunCommand->Illuminate\\Console\\Scheduling\\{closure}()
#1 /var/www/html/vendor/laravel/framework/src/Illuminate/Console/View/Components/Factory.php(59): Illuminate\\Console\\View\\Components\\Task->render('<fg=gray>2026-0...', Object(Closure))
#2 /var/www/html/vendor/laravel/framework/src/Illuminate/Console/Scheduling/ScheduleRunCommand.php(199): Illuminate\\Console\\View\\Components\\Factory->__call('task', Array)
#3 /var/www/html/vendor/laravel/framework/src/Illuminate/Console/Scheduling/ScheduleRunCommand.php(142): Illuminate\\Console\\Scheduling\\ScheduleRunCommand->runEvent(Object(Illuminate\\Console\\Scheduling\\Event))
#4 /var/www/html/vendor/laravel/framework/src/Illuminate/Container/BoundMethod.php(36): Illuminate\\Console\\Scheduling\\ScheduleRunCommand->handle(Object(Illuminate\\Console\\Scheduling\\Schedule), Object(Illuminate\\Events\\Dispatcher), Object(Illuminate\\Cache\\Repository), Object(Illuminate\\Foundation\\Exceptions\\Handler))
#5 /var/www/html/vendor/laravel/framework/src/Illuminate/Container/Util.php(43): Illuminate\\Container\\BoundMethod::Illuminate\\Container\\{closure}()
#6 /var/www/html/vendor/laravel/framework/src/Illuminate/Container/BoundMethod.php(96): Illuminate\\Container\\Util::unwrapIfClosure(Object(Closure))
#7 /var/www/html/vendor/laravel/framework/src/Illuminate/Container/BoundMethod.php(35): Illuminate\\Container\\BoundMethod::callBoundMethod(Object(Illuminate\\Foundation\\Application), Array, Object(Closure))
#8 /var/www/html/vendor/laravel/framework/src/Illuminate/Container/Container.php(799): Illuminate\\Container\\BoundMethod::call(Object(Illuminate\\Foundation\\Application), Array, Array, NULL)
#9 /var/www/html/vendor/laravel/framework/src/Illuminate/Console/Command.php(280): Illuminate\\Container\\Container->call(Array)
#10 /var/www/html/vendor/symfony/console/Command/Command.php(341): Illuminate\\Console\\Command->execute(Object(Symfony\\Component\\Console\\Input\\ArgvInput), Object(Illuminate\\Console\\OutputStyle))
#11 /var/www/html/vendor/laravel/framework/src/Illuminate/Console/Command.php(249): Symfony\\Component\\Console\\Command\\Command->run(Object(Symfony\\Component\\Console\\Input\\ArgvInput), Object(Illuminate\\Console\\OutputStyle))
#12 /var/www/html/vendor/symfony/console/Application.php(1117): Illuminate\\Console\\Command->run(Object(Symfony\\Component\\Console\\Input\\ArgvInput), Object(Symfony\\Component\\Console\\Output\\ConsoleOutput))
#13 /var/www/html/vendor/symfony/console/Application.php(356): Symfony\\Component\\Console\\Application->doRunCommand(Object(Illuminate\\Console\\Scheduling\\ScheduleRunCommand), Object(Symfony\\Component\\Console\\Input\\ArgvInput), Object(Symfony\\Component\\Console\\Output\\ConsoleOutput))
#14 /var/www/html/vendor/symfony/console/Application.php(195): Symfony\\Component\\Console\\Application->doRun(Object(Symfony\\Component\\Console\\Input\\ArgvInput), Object(Symfony\\Component\\Console\\Output\\ConsoleOutput))
#15 /var/www/html/vendor/laravel/framework/src/Illuminate/Foundation/Console/Kernel.php(198): Symfony\\Component\\Console\\Application->run(Object(Symfony\\Component\\Console\\Input\\ArgvInput), Object(Symfony\\Component\\Console\\Output\\ConsoleOutput))
#16 /var/www/html/vendor/laravel/framework/src/Illuminate/Foundation/Application.php(1235): Illuminate\\Foundation\\Console\\Kernel->handle(Object(Symfony\\Component\\Console\\Input\\ArgvInput), Object(Symfony\\Component\\Console\\Output\\ConsoleOutput))
#17 /var/www/html/artisan(13): Illuminate\\Foundation\\Application->handleCommand(Object(Symfony\\Component\\Console\\Input\\ArgvInput))
#18 {main}
"} 
[2026-06-05 01:45:25] production.ERROR: Scheduled command ['/usr/local/bin/php' 'artisan' anonaddy:parse-postfix-mail-log] failed with exit code [1]. {"exception":"[object] (Exception(code: 0): Scheduled command ['/usr/local/bin/php' 'artisan' anonaddy:parse-postfix-mail-log] failed with exit code [1]. at /var/www/html/vendor/laravel/framework/src/Illuminate/Console/Scheduling/ScheduleRunCommand.php:215)
[stacktrace]
#0 /var/www/html/vendor/laravel/framework/src/Illuminate/Console/View/Components/Task.php(43): Illuminate\\Console\\Scheduling\\ScheduleRunCommand->Illuminate\\Console\\Scheduling\\{closure}()
#1 /var/www/html/vendor/laravel/framework/src/Illuminate/Console/View/Components/Factory.php(59): Illuminate\\Console\\View\\Components\\Task->render('<fg=gray>2026-0...', Object(Closure))
#2 /var/www/html/vendor/laravel/framework/src/Illuminate/Console/Scheduling/ScheduleRunCommand.php(199): Illuminate\\Console\\View\\Components\\Factory->__call('task', Array)
#3 /var/www/html/vendor/laravel/framework/src/Illuminate/Console/Scheduling/ScheduleRunCommand.php(142): Illuminate\\Console\\Scheduling\\ScheduleRunCommand->runEvent(Object(Illuminate\\Console\\Scheduling\\Event))
#4 /var/www/html/vendor/laravel/framework/src/Illuminate/Container/BoundMethod.php(36): Illuminate\\Console\\Scheduling\\ScheduleRunCommand->handle(Object(Illuminate\\Console\\Scheduling\\Schedule), Object(Illuminate\\Events\\Dispatcher), Object(Illuminate\\Cache\\Repository), Object(Illuminate\\Foundation\\Exceptions\\Handler))
#5 /var/www/html/vendor/laravel/framework/src/Illuminate/Container/Util.php(43): Illuminate\\Container\\BoundMethod::Illuminate\\Container\\{closure}()
#6 /var/www/html/vendor/laravel/framework/src/Illuminate/Container/BoundMethod.php(96): Illuminate\\Container\\Util::unwrapIfClosure(Object(Closure))
#7 /var/www/html/vendor/laravel/framework/src/Illuminate/Container/BoundMethod.php(35): Illuminate\\Container\\BoundMethod::callBoundMethod(Object(Illuminate\\Foundation\\Application), Array, Object(Closure))
#8 /var/www/html/vendor/laravel/framework/src/Illuminate/Container/Container.php(799): Illuminate\\Container\\BoundMethod::call(Object(Illuminate\\Foundation\\Application), Array, Array, NULL)
#9 /var/www/html/vendor/laravel/framework/src/Illuminate/Console/Command.php(280): Illuminate\\Container\\Container->call(Array)
#10 /var/www/html/vendor/symfony/console/Command/Command.php(341): Illuminate\\Console\\Command->execute(Object(Symfony\\Component\\Console\\Input\\ArgvInput), Object(Illuminate\\Console\\OutputStyle))
#11 /var/www/html/vendor/laravel/framework/src/Illuminate/Console/Command.php(249): Symfony\\Component\\Console\\Command\\Command->run(Object(Symfony\\Component\\Console\\Input\\ArgvInput), Object(Illuminate\\Console\\OutputStyle))
#12 /var/www/html/vendor/symfony/console/Application.php(1117): Illuminate\\Console\\Command->run(Object(Symfony\\Component\\Console\\Input\\ArgvInput), Object(Symfony\\Component\\Console\\Output\\ConsoleOutput))
#13 /var/www/html/vendor/symfony/console/Application.php(356): Symfony\\Component\\Console\\Application->doRunCommand(Object(Illuminate\\Console\\Scheduling\\ScheduleRunCommand), Object(Symfony\\Component\\Console\\Input\\ArgvInput), Object(Symfony\\Component\\Console\\Output\\ConsoleOutput))
#14 /var/www/html/vendor/symfony/console/Application.php(195): Symfony\\Component\\Console\\Application->doRun(Object(Symfony\\Component\\Console\\Input\\ArgvInput), Object(Symfony\\Component\\Console\\Output\\ConsoleOutput))
#15 /var/www/html/vendor/laravel/framework/src/Illuminate/Foundation/Console/Kernel.php(198): Symfony\\Component\\Console\\Application->run(Object(Symfony\\Component\\Console\\Input\\ArgvInput), Object(Symfony\\Component\\Console\\Output\\ConsoleOutput))
#16 /var/www/html/vendor/laravel/framework/src/Illuminate/Foundation/Application.php(1235): Illuminate\\Foundation\\Console\\Kernel->handle(Object(Symfony\\Component\\Console\\Input\\ArgvInput), Object(Symfony\\Component\\Console\\Output\\ConsoleOutput))
#17 /var/www/html/artisan(13): Illuminate\\Foundation\\Application->handleCommand(Object(Symfony\\Component\\Console\\Input\\ArgvInput))
#18 {main}
"} 
[2026-06-05 01:50:23] production.ERROR: Scheduled command ['/usr/local/bin/php' 'artisan' anonaddy:parse-postfix-mail-log] failed with exit code [1]. {"exception":"[object] (Exception(code: 0): Scheduled command ['/usr/local/bin/php' 'artisan' anonaddy:parse-postfix-mail-log] failed with exit code [1]. at /var/www/html/vendor/laravel/framework/src/Illuminate/Console/Scheduling/ScheduleRunCommand.php:215)
[stacktrace]
#0 /var/www/html/vendor/laravel/framework/src/Illuminate/Console/View/Components/Task.php(43): Illuminate\\Console\\Scheduling\\ScheduleRunCommand->Illuminate\\Console\\Scheduling\\{closure}()
#1 /var/www/html/vendor/laravel/framework/src/Illuminate/Console/View/Components/Factory.php(59): Illuminate\\Console\\View\\Components\\Task->render('<fg=gray>2026-0...', Object(Closure))
#2 /var/www/html/vendor/laravel/framework/src/Illuminate/Console/Scheduling/ScheduleRunCommand.php(199): Illuminate\\Console\\View\\Components\\Factory->__call('task', Array)
#3 /var/www/html/vendor/laravel/framework/src/Illuminate/Console/Scheduling/ScheduleRunCommand.php(142): Illuminate\\Console\\Scheduling\\ScheduleRunCommand->runEvent(Object(Illuminate\\Console\\Scheduling\\Event))
#4 /var/www/html/vendor/laravel/framework/src/Illuminate/Container/BoundMethod.php(36): Illuminate\\Console\\Scheduling\\ScheduleRunCommand->handle(Object(Illuminate\\Console\\Scheduling\\Schedule), Object(Illuminate\\Events\\Dispatcher), Object(Illuminate\\Cache\\Repository), Object(Illuminate\\Foundation\\Exceptions\\Handler))
#5 /var/www/html/vendor/laravel/framework/src/Illuminate/Container/Util.php(43): Illuminate\\Container\\BoundMethod::Illuminate\\Container\\{closure}()
#6 /var/www/html/vendor/laravel/framework/src/Illuminate/Container/BoundMethod.php(96): Illuminate\\Container\\Util::unwrapIfClosure(Object(Closure))
#7 /var/www/html/vendor/laravel/framework/src/Illuminate/Container/BoundMethod.php(35): Illuminate\\Container\\BoundMethod::callBoundMethod(Object(Illuminate\\Foundation\\Application), Array, Object(Closure))
#8 /var/www/html/vendor/laravel/framework/src/Illuminate/Container/Container.php(799): Illuminate\\Container\\BoundMethod::call(Object(Illuminate\\Foundation\\Application), Array, Array, NULL)
#9 /var/www/html/vendor/laravel/framework/src/Illuminate/Console/Command.php(280): Illuminate\\Container\\Container->call(Array)
#10 /var/www/html/vendor/symfony/console/Command/Command.php(341): Illuminate\\Console\\Command->execute(Object(Symfony\\Component\\Console\\Input\\ArgvInput), Object(Illuminate\\Console\\OutputStyle))
#11 /var/www/html/vendor/laravel/framework/src/Illuminate/Console/Command.php(249): Symfony\\Component\\Console\\Command\\Command->run(Object(Symfony\\Component\\Console\\Input\\ArgvInput), Object(Illuminate\\Console\\OutputStyle))
#12 /var/www/html/vendor/symfony/console/Application.php(1117): Illuminate\\Console\\Command->run(Object(Symfony\\Component\\Console\\Input\\ArgvInput), Object(Symfony\\Component\\Console\\Output\\ConsoleOutput))
#13 /var/www/html/vendor/symfony/console/Application.php(356): Symfony\\Component\\Console\\Application->doRunCommand(Object(Illuminate\\Console\\Scheduling\\ScheduleRunCommand), Object(Symfony\\Component\\Console\\Input\\ArgvInput), Object(Symfony\\Component\\Console\\Output\\ConsoleOutput))
#14 /var/www/html/vendor/symfony/console/Application.php(195): Symfony\\Component\\Console\\Application->doRun(Object(Symfony\\Component\\Console\\Input\\ArgvInput), Object(Symfony\\Component\\Console\\Output\\ConsoleOutput))
#15 /var/www/html/vendor/laravel/framework/src/Illuminate/Foundation/Console/Kernel.php(198): Symfony\\Component\\Console\\Application->run(Object(Symfony\\Component\\Console\\Input\\ArgvInput), Object(Symfony\\Component\\Console\\Output\\ConsoleOutput))
#16 /var/www/html/vendor/laravel/framework/src/Illuminate/Foundation/Application.php(1235): Illuminate\\Foundation\\Console\\Kernel->handle(Object(Symfony\\Component\\Console\\Input\\ArgvInput), Object(Symfony\\Component\\Console\\Output\\ConsoleOutput))
#17 /var/www/html/artisan(13): Illuminate\\Foundation\\Application->handleCommand(Object(Symfony\\Component\\Console\\Input\\ArgvInput))
#18 {main}
"} 
[2026-06-05 01:55:24] production.ERROR: Scheduled command ['/usr/local/bin/php' 'artisan' anonaddy:parse-postfix-mail-log] failed with exit code [1]. {"exception":"[object] (Exception(code: 0): Scheduled command ['/usr/local/bin/php' 'artisan' anonaddy:parse-postfix-mail-log] failed with exit code [1]. at /var/www/html/vendor/laravel/framework/src/Illuminate/Console/Scheduling/ScheduleRunCommand.php:215)
[stacktrace]
#0 /var/www/html/vendor/laravel/framework/src/Illuminate/Console/View/Components/Task.php(43): Illuminate\\Console\\Scheduling\\ScheduleRunCommand->Illuminate\\Console\\Scheduling\\{closure}()
#1 /var/www/html/vendor/laravel/framework/src/Illuminate/Console/View/Components/Factory.php(59): Illuminate\\Console\\View\\Components\\Task->render('<fg=gray>2026-0...', Object(Closure))
#2 /var/www/html/vendor/laravel/framework/src/Illuminate/Console/Scheduling/ScheduleRunCommand.php(199): Illuminate\\Console\\View\\Components\\Factory->__call('task', Array)
#3 /var/www/html/vendor/laravel/framework/src/Illuminate/Console/Scheduling/ScheduleRunCommand.php(142): Illuminate\\Console\\Scheduling\\ScheduleRunCommand->runEvent(Object(Illuminate\\Console\\Scheduling\\Event))
#4 /var/www/html/vendor/laravel/framework/src/Illuminate/Container/BoundMethod.php(36): Illuminate\\Console\\Scheduling\\ScheduleRunCommand->handle(Object(Illuminate\\Console\\Scheduling\\Schedule), Object(Illuminate\\Events\\Dispatcher), Object(Illuminate\\Cache\\Repository), Object(Illuminate\\Foundation\\Exceptions\\Handler))
#5 /var/www/html/vendor/laravel/framework/src/Illuminate/Container/Util.php(43): Illuminate\\Container\\BoundMethod::Illuminate\\Container\\{closure}()
#6 /var/www/html/vendor/laravel/framework/src/Illuminate/Container/BoundMethod.php(96): Illuminate\\Container\\Util::unwrapIfClosure(Object(Closure))
#7 /var/www/html/vendor/laravel/framework/src/Illuminate/Container/BoundMethod.php(35): Illuminate\\Container\\BoundMethod::callBoundMethod(Object(Illuminate\\Foundation\\Application), Array, Object(Closure))
#8 /var/www/html/vendor/laravel/framework/src/Illuminate/Container/Container.php(799): Illuminate\\Container\\BoundMethod::call(Object(Illuminate\\Foundation\\Application), Array, Array, NULL)
#9 /var/www/html/vendor/laravel/framework/src/Illuminate/Console/Command.php(280): Illuminate\\Container\\Container->call(Array)
#10 /var/www/html/vendor/symfony/console/Command/Command.php(341): Illuminate\\Console\\Command->execute(Object(Symfony\\Component\\Console\\Input\\ArgvInput), Object(Illuminate\\Console\\OutputStyle))
#11 /var/www/html/vendor/laravel/framework/src/Illuminate/Console/Command.php(249): Symfony\\Component\\Console\\Command\\Command->run(Object(Symfony\\Component\\Console\\Input\\ArgvInput), Object(Illuminate\\Console\\OutputStyle))
#12 /var/www/html/vendor/symfony/console/Application.php(1117): Illuminate\\Console\\Command->run(Object(Symfony\\Component\\Console\\Input\\ArgvInput), Object(Symfony\\Component\\Console\\Output\\ConsoleOutput))
#13 /var/www/html/vendor/symfony/console/Application.php(356): Symfony\\Component\\Console\\Application->doRunCommand(Object(Illuminate\\Console\\Scheduling\\ScheduleRunCommand), Object(Symfony\\Component\\Console\\Input\\ArgvInput), Object(Symfony\\Component\\Console\\Output\\ConsoleOutput))
#14 /var/www/html/vendor/symfony/console/Application.php(195): Symfony\\Component\\Console\\Application->doRun(Object(Symfony\\Component\\Console\\Input\\ArgvInput), Object(Symfony\\Component\\Console\\Output\\ConsoleOutput))
#15 /var/www/html/vendor/laravel/framework/src/Illuminate/Foundation/Console/Kernel.php(198): Symfony\\Component\\Console\\Application->run(Object(Symfony\\Component\\Console\\Input\\ArgvInput), Object(Symfony\\Component\\Console\\Output\\ConsoleOutput))
#16 /var/www/html/vendor/laravel/framework/src/Illuminate/Foundation/Application.php(1235): Illuminate\\Foundation\\Console\\Kernel->handle(Object(Symfony\\Component\\Console\\Input\\ArgvInput), Object(Symfony\\Component\\Console\\Output\\ConsoleOutput))
#17 /var/www/html/artisan(13): Illuminate\\Foundation\\Application->handleCommand(Object(Symfony\\Component\\Console\\Input\\ArgvInput))
#18 {main}
"} 
[2026-06-05 02:00:27] production.ERROR: Scheduled command ['/usr/local/bin/php' 'artisan' anonaddy:parse-postfix-mail-log] failed with exit code [1]. {"exception":"[object] (Exception(code: 0): Scheduled command ['/usr/local/bin/php' 'artisan' anonaddy:parse-postfix-mail-log] failed with exit code [1]. at /var/www/html/vendor/laravel/framework/src/Illuminate/Console/Scheduling/ScheduleRunCommand.php:215)
[stacktrace]
#0 /var/www/html/vendor/laravel/framework/src/Illuminate/Console/View/Components/Task.php(43): Illuminate\\Console\\Scheduling\\ScheduleRunCommand->Illuminate\\Console\\Scheduling\\{closure}()
#1 /var/www/html/vendor/laravel/framework/src/Illuminate/Console/View/Components/Factory.php(59): Illuminate\\Console\\View\\Components\\Task->render('<fg=gray>2026-0...', Object(Closure))
#2 /var/www/html/vendor/laravel/framework/src/Illuminate/Console/Scheduling/ScheduleRunCommand.php(199): Illuminate\\Console\\View\\Components\\Factory->__call('task', Array)
#3 /var/www/html/vendor/laravel/framework/src/Illuminate/Console/Scheduling/ScheduleRunCommand.php(142): Illuminate\\Console\\Scheduling\\ScheduleRunCommand->runEvent(Object(Illuminate\\Console\\Scheduling\\Event))
#4 /var/www/html/vendor/laravel/framework/src/Illuminate/Container/BoundMethod.php(36): Illuminate\\Console\\Scheduling\\ScheduleRunCommand->handle(Object(Illuminate\\Console\\Scheduling\\Schedule), Object(Illuminate\\Events\\Dispatcher), Object(Illuminate\\Cache\\Repository), Object(Illuminate\\Foundation\\Exceptions\\Handler))
#5 /var/www/html/vendor/laravel/framework/src/Illuminate/Container/Util.php(43): Illuminate\\Container\\BoundMethod::Illuminate\\Container\\{closure}()
#6 /var/www/html/vendor/laravel/framework/src/Illuminate/Container/BoundMethod.php(96): Illuminate\\Container\\Util::unwrapIfClosure(Object(Closure))
#7 /var/www/html/vendor/laravel/framework/src/Illuminate/Container/BoundMethod.php(35): Illuminate\\Container\\BoundMethod::callBoundMethod(Object(Illuminate\\Foundation\\Application), Array, Object(Closure))
#8 /var/www/html/vendor/laravel/framework/src/Illuminate/Container/Container.php(799): Illuminate\\Container\\BoundMethod::call(Object(Illuminate\\Foundation\\Application), Array, Array, NULL)
#9 /var/www/html/vendor/laravel/framework/src/Illuminate/Console/Command.php(280): Illuminate\\Container\\Container->call(Array)
#10 /var/www/html/vendor/symfony/console/Command/Command.php(341): Illuminate\\Console\\Command->execute(Object(Symfony\\Component\\Console\\Input\\ArgvInput), Object(Illuminate\\Console\\OutputStyle))
#11 /var/www/html/vendor/laravel/framework/src/Illuminate/Console/Command.php(249): Symfony\\Component\\Console\\Command\\Command->run(Object(Symfony\\Component\\Console\\Input\\ArgvInput), Object(Illuminate\\Console\\OutputStyle))
#12 /var/www/html/vendor/symfony/console/Application.php(1117): Illuminate\\Console\\Command->run(Object(Symfony\\Component\\Console\\Input\\ArgvInput), Object(Symfony\\Component\\Console\\Output\\ConsoleOutput))
#13 /var/www/html/vendor/symfony/console/Application.php(356): Symfony\\Component\\Console\\Application->doRunCommand(Object(Illuminate\\Console\\Scheduling\\ScheduleRunCommand), Object(Symfony\\Component\\Console\\Input\\ArgvInput), Object(Symfony\\Component\\Console\\Output\\ConsoleOutput))
#14 /var/www/html/vendor/symfony/console/Application.php(195): Symfony\\Component\\Console\\Application->doRun(Object(Symfony\\Component\\Console\\Input\\ArgvInput), Object(Symfony\\Component\\Console\\Output\\ConsoleOutput))
#15 /var/www/html/vendor/laravel/framework/src/Illuminate/Foundation/Console/Kernel.php(198): Symfony\\Component\\Console\\Application->run(Object(Symfony\\Component\\Console\\Input\\ArgvInput), Object(Symfony\\Component\\Console\\Output\\ConsoleOutput))
#16 /var/www/html/vendor/laravel/framework/src/Illuminate/Foundation/Application.php(1235): Illuminate\\Foundation\\Console\\Kernel->handle(Object(Symfony\\Component\\Console\\Input\\ArgvInput), Object(Symfony\\Component\\Console\\Output\\ConsoleOutput))
#17 /var/www/html/artisan(13): Illuminate\\Foundation\\Application->handleCommand(Object(Symfony\\Component\\Console\\Input\\ArgvInput))
#18 {main}
"} 
[2026-06-05 02:05:23] production.ERROR: Scheduled command ['/usr/local/bin/php' 'artisan' anonaddy:parse-postfix-mail-log] failed with exit code [1]. {"exception":"[object] (Exception(code: 0): Scheduled command ['/usr/local/bin/php' 'artisan' anonaddy:parse-postfix-mail-log] failed with exit code [1]. at /var/www/html/vendor/laravel/framework/src/Illuminate/Console/Scheduling/ScheduleRunCommand.php:215)
[stacktrace]
#0 /var/www/html/vendor/laravel/framework/src/Illuminate/Console/View/Components/Task.php(43): Illuminate\\Console\\Scheduling\\ScheduleRunCommand->Illuminate\\Console\\Scheduling\\{closure}()
#1 /var/www/html/vendor/laravel/framework/src/Illuminate/Console/View/Components/Factory.php(59): Illuminate\\Console\\View\\Components\\Task->render('<fg=gray>2026-0...', Object(Closure))
#2 /var/www/html/vendor/laravel/framework/src/Illuminate/Console/Scheduling/ScheduleRunCommand.php(199): Illuminate\\Console\\View\\Components\\Factory->__call('task', Array)
#3 /var/www/html/vendor/laravel/framework/src/Illuminate/Console/Scheduling/ScheduleRunCommand.php(142): Illuminate\\Console\\Scheduling\\ScheduleRunCommand->runEvent(Object(Illuminate\\Console\\Scheduling\\Event))
#4 /var/www/html/vendor/laravel/framework/src/Illuminate/Container/BoundMethod.php(36): Illuminate\\Console\\Scheduling\\ScheduleRunCommand->handle(Object(Illuminate\\Console\\Scheduling\\Schedule), Object(Illuminate\\Events\\Dispatcher), Object(Illuminate\\Cache\\Repository), Object(Illuminate\\Foundation\\Exceptions\\Handler))
#5 /var/www/html/vendor/laravel/framework/src/Illuminate/Container/Util.php(43): Illuminate\\Container\\BoundMethod::Illuminate\\Container\\{closure}()
#6 /var/www/html/vendor/laravel/framework/src/Illuminate/Container/BoundMethod.php(96): Illuminate\\Container\\Util::unwrapIfClosure(Object(Closure))
#7 /var/www/html/vendor/laravel/framework/src/Illuminate/Container/BoundMethod.php(35): Illuminate\\Container\\BoundMethod::callBoundMethod(Object(Illuminate\\Foundation\\Application), Array, Object(Closure))
#8 /var/www/html/vendor/laravel/framework/src/Illuminate/Container/Container.php(799): Illuminate\\Container\\BoundMethod::call(Object(Illuminate\\Foundation\\Application), Array, Array, NULL)
#9 /var/www/html/vendor/laravel/framework/src/Illuminate/Console/Command.php(280): Illuminate\\Container\\Container->call(Array)
#10 /var/www/html/vendor/symfony/console/Command/Command.php(341): Illuminate\\Console\\Command->execute(Object(Symfony\\Component\\Console\\Input\\ArgvInput), Object(Illuminate\\Console\\OutputStyle))
#11 /var/www/html/vendor/laravel/framework/src/Illuminate/Console/Command.php(249): Symfony\\Component\\Console\\Command\\Command->run(Object(Symfony\\Component\\Console\\Input\\ArgvInput), Object(Illuminate\\Console\\OutputStyle))
#12 /var/www/html/vendor/symfony/console/Application.php(1117): Illuminate\\Console\\Command->run(Object(Symfony\\Component\\Console\\Input\\ArgvInput), Object(Symfony\\Component\\Console\\Output\\ConsoleOutput))
#13 /var/www/html/vendor/symfony/console/Application.php(356): Symfony\\Component\\Console\\Application->doRunCommand(Object(Illuminate\\Console\\Scheduling\\ScheduleRunCommand), Object(Symfony\\Component\\Console\\Input\\ArgvInput), Object(Symfony\\Component\\Console\\Output\\ConsoleOutput))
#14 /var/www/html/vendor/symfony/console/Application.php(195): Symfony\\Component\\Console\\Application->doRun(Object(Symfony\\Component\\Console\\Input\\ArgvInput), Object(Symfony\\Component\\Console\\Output\\ConsoleOutput))
#15 /var/www/html/vendor/laravel/framework/src/Illuminate/Foundation/Console/Kernel.php(198): Symfony\\Component\\Console\\Application->run(Object(Symfony\\Component\\Console\\Input\\ArgvInput), Object(Symfony\\Component\\Console\\Output\\ConsoleOutput))
#16 /var/www/html/vendor/laravel/framework/src/Illuminate/Foundation/Application.php(1235): Illuminate\\Foundation\\Console\\Kernel->handle(Object(Symfony\\Component\\Console\\Input\\ArgvInput), Object(Symfony\\Component\\Console\\Output\\ConsoleOutput))
#17 /var/www/html/artisan(13): Illuminate\\Foundation\\Application->handleCommand(Object(Symfony\\Component\\Console\\Input\\ArgvInput))
#18 {main}
"} 
[2026-06-05 02:10:24] production.ERROR: Scheduled command ['/usr/local/bin/php' 'artisan' anonaddy:parse-postfix-mail-log] failed with exit code [1]. {"exception":"[object] (Exception(code: 0): Scheduled command ['/usr/local/bin/php' 'artisan' anonaddy:parse-postfix-mail-log] failed with exit code [1]. at /var/www/html/vendor/laravel/framework/src/Illuminate/Console/Scheduling/ScheduleRunCommand.php:215)
[stacktrace]
#0 /var/www/html/vendor/laravel/framework/src/Illuminate/Console/View/Components/Task.php(43): Illuminate\\Console\\Scheduling\\ScheduleRunCommand->Illuminate\\Console\\Scheduling\\{closure}()
#1 /var/www/html/vendor/laravel/framework/src/Illuminate/Console/View/Components/Factory.php(59): Illuminate\\Console\\View\\Components\\Task->render('<fg=gray>2026-0...', Object(Closure))
#2 /var/www/html/vendor/laravel/framework/src/Illuminate/Console/Scheduling/ScheduleRunCommand.php(199): Illuminate\\Console\\View\\Components\\Factory->__call('task', Array)
#3 /var/www/html/vendor/laravel/framework/src/Illuminate/Console/Scheduling/ScheduleRunCommand.php(142): Illuminate\\Console\\Scheduling\\ScheduleRunCommand->runEvent(Object(Illuminate\\Console\\Scheduling\\Event))
#4 /var/www/html/vendor/laravel/framework/src/Illuminate/Container/BoundMethod.php(36): Illuminate\\Console\\Scheduling\\ScheduleRunCommand->handle(Object(Illuminate\\Console\\Scheduling\\Schedule), Object(Illuminate\\Events\\Dispatcher), Object(Illuminate\\Cache\\Repository), Object(Illuminate\\Foundation\\Exceptions\\Handler))
#5 /var/www/html/vendor/laravel/framework/src/Illuminate/Container/Util.php(43): Illuminate\\Container\\BoundMethod::Illuminate\\Container\\{closure}()
#6 /var/www/html/vendor/laravel/framework/src/Illuminate/Container/BoundMethod.php(96): Illuminate\\Container\\Util::unwrapIfClosure(Object(Closure))
#7 /var/www/html/vendor/laravel/framework/src/Illuminate/Container/BoundMethod.php(35): Illuminate\\Container\\BoundMethod::callBoundMethod(Object(Illuminate\\Foundation\\Application), Array, Object(Closure))
#8 /var/www/html/vendor/laravel/framework/src/Illuminate/Container/Container.php(799): Illuminate\\Container\\BoundMethod::call(Object(Illuminate\\Foundation\\Application), Array, Array, NULL)
#9 /var/www/html/vendor/laravel/framework/src/Illuminate/Console/Command.php(280): Illuminate\\Container\\Container->call(Array)
#10 /var/www/html/vendor/symfony/console/Command/Command.php(341): Illuminate\\Console\\Command->execute(Object(Symfony\\Component\\Console\\Input\\ArgvInput), Object(Illuminate\\Console\\OutputStyle))
#11 /var/www/html/vendor/laravel/framework/src/Illuminate/Console/Command.php(249): Symfony\\Component\\Console\\Command\\Command->run(Object(Symfony\\Component\\Console\\Input\\ArgvInput), Object(Illuminate\\Console\\OutputStyle))
#12 /var/www/html/vendor/symfony/console/Application.php(1117): Illuminate\\Console\\Command->run(Object(Symfony\\Component\\Console\\Input\\ArgvInput), Object(Symfony\\Component\\Console\\Output\\ConsoleOutput))
#13 /var/www/html/vendor/symfony/console/Application.php(356): Symfony\\Component\\Console\\Application->doRunCommand(Object(Illuminate\\Console\\Scheduling\\ScheduleRunCommand), Object(Symfony\\Component\\Console\\Input\\ArgvInput), Object(Symfony\\Component\\Console\\Output\\ConsoleOutput))
#14 /var/www/html/vendor/symfony/console/Application.php(195): Symfony\\Component\\Console\\Application->doRun(Object(Symfony\\Component\\Console\\Input\\ArgvInput), Object(Symfony\\Component\\Console\\Output\\ConsoleOutput))
#15 /var/www/html/vendor/laravel/framework/src/Illuminate/Foundation/Console/Kernel.php(198): Symfony\\Component\\Console\\Application->run(Object(Symfony\\Component\\Console\\Input\\ArgvInput), Object(Symfony\\Component\\Console\\Output\\ConsoleOutput))
#16 /var/www/html/vendor/laravel/framework/src/Illuminate/Foundation/Application.php(1235): Illuminate\\Foundation\\Console\\Kernel->handle(Object(Symfony\\Component\\Console\\Input\\ArgvInput), Object(Symfony\\Component\\Console\\Output\\ConsoleOutput))
#17 /var/www/html/artisan(13): Illuminate\\Foundation\\Application->handleCommand(Object(Symfony\\Component\\Console\\Input\\ArgvInput))
#18 {main}
"} 
[2026-06-05 02:15:24] production.ERROR: Scheduled command ['/usr/local/bin/php' 'artisan' anonaddy:parse-postfix-mail-log] failed with exit code [1]. {"exception":"[object] (Exception(code: 0): Scheduled command ['/usr/local/bin/php' 'artisan' anonaddy:parse-postfix-mail-log] failed with exit code [1]. at /var/www/html/vendor/laravel/framework/src/Illuminate/Console/Scheduling/ScheduleRunCommand.php:215)
[stacktrace]
#0 /var/www/html/vendor/laravel/framework/src/Illuminate/Console/View/Components/Task.php(43): Illuminate\\Console\\Scheduling\\ScheduleRunCommand->Illuminate\\Console\\Scheduling\\{closure}()
#1 /var/www/html/vendor/laravel/framework/src/Illuminate/Console/View/Components/Factory.php(59): Illuminate\\Console\\View\\Components\\Task->render('<fg=gray>2026-0...', Object(Closure))
#2 /var/www/html/vendor/laravel/framework/src/Illuminate/Console/Scheduling/ScheduleRunCommand.php(199): Illuminate\\Console\\View\\Components\\Factory->__call('task', Array)
#3 /var/www/html/vendor/laravel/framework/src/Illuminate/Console/Scheduling/ScheduleRunCommand.php(142): Illuminate\\Console\\Scheduling\\ScheduleRunCommand->runEvent(Object(Illuminate\\Console\\Scheduling\\Event))
#4 /var/www/html/vendor/laravel/framework/src/Illuminate/Container/BoundMethod.php(36): Illuminate\\Console\\Scheduling\\ScheduleRunCommand->handle(Object(Illuminate\\Console\\Scheduling\\Schedule), Object(Illuminate\\Events\\Dispatcher), Object(Illuminate\\Cache\\Repository), Object(Illuminate\\Foundation\\Exceptions\\Handler))
#5 /var/www/html/vendor/laravel/framework/src/Illuminate/Container/Util.php(43): Illuminate\\Container\\BoundMethod::Illuminate\\Container\\{closure}()
#6 /var/www/html/vendor/laravel/framework/src/Illuminate/Container/BoundMethod.php(96): Illuminate\\Container\\Util::unwrapIfClosure(Object(Closure))
#7 /var/www/html/vendor/laravel/framework/src/Illuminate/Container/BoundMethod.php(35): Illuminate\\Container\\BoundMethod::callBoundMethod(Object(Illuminate\\Foundation\\Application), Array, Object(Closure))
#8 /var/www/html/vendor/laravel/framework/src/Illuminate/Container/Container.php(799): Illuminate\\Container\\BoundMethod::call(Object(Illuminate\\Foundation\\Application), Array, Array, NULL)
#9 /var/www/html/vendor/laravel/framework/src/Illuminate/Console/Command.php(280): Illuminate\\Container\\Container->call(Array)
#10 /var/www/html/vendor/symfony/console/Command/Command.php(341): Illuminate\\Console\\Command->execute(Object(Symfony\\Component\\Console\\Input\\ArgvInput), Object(Illuminate\\Console\\OutputStyle))
#11 /var/www/html/vendor/laravel/framework/src/Illuminate/Console/Command.php(249): Symfony\\Component\\Console\\Command\\Command->run(Object(Symfony\\Component\\Console\\Input\\ArgvInput), Object(Illuminate\\Console\\OutputStyle))
#12 /var/www/html/vendor/symfony/console/Application.php(1117): Illuminate\\Console\\Command->run(Object(Symfony\\Component\\Console\\Input\\ArgvInput), Object(Symfony\\Component\\Console\\Output\\ConsoleOutput))
#13 /var/www/html/vendor/symfony/console/Application.php(356): Symfony\\Component\\Console\\Application->doRunCommand(Object(Illuminate\\Console\\Scheduling\\ScheduleRunCommand), Object(Symfony\\Component\\Console\\Input\\ArgvInput), Object(Symfony\\Component\\Console\\Output\\ConsoleOutput))
#14 /var/www/html/vendor/symfony/console/Application.php(195): Symfony\\Component\\Console\\Application->doRun(Object(Symfony\\Component\\Console\\Input\\ArgvInput), Object(Symfony\\Component\\Console\\Output\\ConsoleOutput))
#15 /var/www/html/vendor/laravel/framework/src/Illuminate/Foundation/Console/Kernel.php(198): Symfony\\Component\\Console\\Application->run(Object(Symfony\\Component\\Console\\Input\\ArgvInput), Object(Symfony\\Component\\Console\\Output\\ConsoleOutput))
#16 /var/www/html/vendor/laravel/framework/src/Illuminate/Foundation/Application.php(1235): Illuminate\\Foundation\\Console\\Kernel->handle(Object(Symfony\\Component\\Console\\Input\\ArgvInput), Object(Symfony\\Component\\Console\\Output\\ConsoleOutput))
#17 /var/www/html/artisan(13): Illuminate\\Foundation\\Application->handleCommand(Object(Symfony\\Component\\Console\\Input\\ArgvInput))
#18 {main}
"} 
[2026-06-05 02:20:24] production.ERROR: Scheduled command ['/usr/local/bin/php' 'artisan' anonaddy:parse-postfix-mail-log] failed with exit code [1]. {"exception":"[object] (Exception(code: 0): Scheduled command ['/usr/local/bin/php' 'artisan' anonaddy:parse-postfix-mail-log] failed with exit code [1]. at /var/www/html/vendor/laravel/framework/src/Illuminate/Console/Scheduling/ScheduleRunCommand.php:215)
[stacktrace]
#0 /var/www/html/vendor/laravel/framework/src/Illuminate/Console/View/Components/Task.php(43): Illuminate\\Console\\Scheduling\\ScheduleRunCommand->Illuminate\\Console\\Scheduling\\{closure}()
#1 /var/www/html/vendor/laravel/framework/src/Illuminate/Console/View/Components/Factory.php(59): Illuminate\\Console\\View\\Components\\Task->render('<fg=gray>2026-0...', Object(Closure))
#2 /var/www/html/vendor/laravel/framework/src/Illuminate/Console/Scheduling/ScheduleRunCommand.php(199): Illuminate\\Console\\View\\Components\\Factory->__call('task', Array)
#3 /var/www/html/vendor/laravel/framework/src/Illuminate/Console/Scheduling/ScheduleRunCommand.php(142): Illuminate\\Console\\Scheduling\\ScheduleRunCommand->runEvent(Object(Illuminate\\Console\\Scheduling\\Event))
#4 /var/www/html/vendor/laravel/framework/src/Illuminate/Container/BoundMethod.php(36): Illuminate\\Console\\Scheduling\\ScheduleRunCommand->handle(Object(Illuminate\\Console\\Scheduling\\Schedule), Object(Illuminate\\Events\\Dispatcher), Object(Illuminate\\Cache\\Repository), Object(Illuminate\\Foundation\\Exceptions\\Handler))
#5 /var/www/html/vendor/laravel/framework/src/Illuminate/Container/Util.php(43): Illuminate\\Container\\BoundMethod::Illuminate\\Container\\{closure}()
#6 /var/www/html/vendor/laravel/framework/src/Illuminate/Container/BoundMethod.php(96): Illuminate\\Container\\Util::unwrapIfClosure(Object(Closure))
#7 /var/www/html/vendor/laravel/framework/src/Illuminate/Container/BoundMethod.php(35): Illuminate\\Container\\BoundMethod::callBoundMethod(Object(Illuminate\\Foundation\\Application), Array, Object(Closure))
#8 /var/www/html/vendor/laravel/framework/src/Illuminate/Container/Container.php(799): Illuminate\\Container\\BoundMethod::call(Object(Illuminate\\Foundation\\Application), Array, Array, NULL)
#9 /var/www/html/vendor/laravel/framework/src/Illuminate/Console/Command.php(280): Illuminate\\Container\\Container->call(Array)
#10 /var/www/html/vendor/symfony/console/Command/Command.php(341): Illuminate\\Console\\Command->execute(Object(Symfony\\Component\\Console\\Input\\ArgvInput), Object(Illuminate\\Console\\OutputStyle))
#11 /var/www/html/vendor/laravel/framework/src/Illuminate/Console/Command.php(249): Symfony\\Component\\Console\\Command\\Command->run(Object(Symfony\\Component\\Console\\Input\\ArgvInput), Object(Illuminate\\Console\\OutputStyle))
#12 /var/www/html/vendor/symfony/console/Application.php(1117): Illuminate\\Console\\Command->run(Object(Symfony\\Component\\Console\\Input\\ArgvInput), Object(Symfony\\Component\\Console\\Output\\ConsoleOutput))
#13 /var/www/html/vendor/symfony/console/Application.php(356): Symfony\\Component\\Console\\Application->doRunCommand(Object(Illuminate\\Console\\Scheduling\\ScheduleRunCommand), Object(Symfony\\Component\\Console\\Input\\ArgvInput), Object(Symfony\\Component\\Console\\Output\\ConsoleOutput))
#14 /var/www/html/vendor/symfony/console/Application.php(195): Symfony\\Component\\Console\\Application->doRun(Object(Symfony\\Component\\Console\\Input\\ArgvInput), Object(Symfony\\Component\\Console\\Output\\ConsoleOutput))
#15 /var/www/html/vendor/laravel/framework/src/Illuminate/Foundation/Console/Kernel.php(198): Symfony\\Component\\Console\\Application->run(Object(Symfony\\Component\\Console\\Input\\ArgvInput), Object(Symfony\\Component\\Console\\Output\\ConsoleOutput))
#16 /var/www/html/vendor/laravel/framework/src/Illuminate/Foundation/Application.php(1235): Illuminate\\Foundation\\Console\\Kernel->handle(Object(Symfony\\Component\\Console\\Input\\ArgvInput), Object(Symfony\\Component\\Console\\Output\\ConsoleOutput))
#17 /var/www/html/artisan(13): Illuminate\\Foundation\\Application->handleCommand(Object(Symfony\\Component\\Console\\Input\\ArgvInput))
#18 {main}
"} 
[2026-06-05 02:25:23] production.ERROR: Scheduled command ['/usr/local/bin/php' 'artisan' anonaddy:parse-postfix-mail-log] failed with exit code [1]. {"exception":"[object] (Exception(code: 0): Scheduled command ['/usr/local/bin/php' 'artisan' anonaddy:parse-postfix-mail-log] failed with exit code [1]. at /var/www/html/vendor/laravel/framework/src/Illuminate/Console/Scheduling/ScheduleRunCommand.php:215)
[stacktrace]
#0 /var/www/html/vendor/laravel/framework/src/Illuminate/Console/View/Components/Task.php(43): Illuminate\\Console\\Scheduling\\ScheduleRunCommand->Illuminate\\Console\\Scheduling\\{closure}()
#1 /var/www/html/vendor/laravel/framework/src/Illuminate/Console/View/Components/Factory.php(59): Illuminate\\Console\\View\\Components\\Task->render('<fg=gray>2026-0...', Object(Closure))
#2 /var/www/html/vendor/laravel/framework/src/Illuminate/Console/Scheduling/ScheduleRunCommand.php(199): Illuminate\\Console\\View\\Components\\Factory->__call('task', Array)
#3 /var/www/html/vendor/laravel/framework/src/Illuminate/Console/Scheduling/ScheduleRunCommand.php(142): Illuminate\\Console\\Scheduling\\ScheduleRunCommand->runEvent(Object(Illuminate\\Console\\Scheduling\\Event))
#4 /var/www/html/vendor/laravel/framework/src/Illuminate/Container/BoundMethod.php(36): Illuminate\\Console\\Scheduling\\ScheduleRunCommand->handle(Object(Illuminate\\Console\\Scheduling\\Schedule), Object(Illuminate\\Events\\Dispatcher), Object(Illuminate\\Cache\\Repository), Object(Illuminate\\Foundation\\Exceptions\\Handler))
#5 /var/www/html/vendor/laravel/framework/src/Illuminate/Container/Util.php(43): Illuminate\\Container\\BoundMethod::Illuminate\\Container\\{closure}()
#6 /var/www/html/vendor/laravel/framework/src/Illuminate/Container/BoundMethod.php(96): Illuminate\\Container\\Util::unwrapIfClosure(Object(Closure))
#7 /var/www/html/vendor/laravel/framework/src/Illuminate/Container/BoundMethod.php(35): Illuminate\\Container\\BoundMethod::callBoundMethod(Object(Illuminate\\Foundation\\Application), Array, Object(Closure))
#8 /var/www/html/vendor/laravel/framework/src/Illuminate/Container/Container.php(799): Illuminate\\Container\\BoundMethod::call(Object(Illuminate\\Foundation\\Application), Array, Array, NULL)
#9 /var/www/html/vendor/laravel/framework/src/Illuminate/Console/Command.php(280): Illuminate\\Container\\Container->call(Array)
#10 /var/www/html/vendor/symfony/console/Command/Command.php(341): Illuminate\\Console\\Command->execute(Object(Symfony\\Component\\Console\\Input\\ArgvInput), Object(Illuminate\\Console\\OutputStyle))
#11 /var/www/html/vendor/laravel/framework/src/Illuminate/Console/Command.php(249): Symfony\\Component\\Console\\Command\\Command->run(Object(Symfony\\Component\\Console\\Input\\ArgvInput), Object(Illuminate\\Console\\OutputStyle))
#12 /var/www/html/vendor/symfony/console/Application.php(1117): Illuminate\\Console\\Command->run(Object(Symfony\\Component\\Console\\Input\\ArgvInput), Object(Symfony\\Component\\Console\\Output\\ConsoleOutput))
#13 /var/www/html/vendor/symfony/console/Application.php(356): Symfony\\Component\\Console\\Application->doRunCommand(Object(Illuminate\\Console\\Scheduling\\ScheduleRunCommand), Object(Symfony\\Component\\Console\\Input\\ArgvInput), Object(Symfony\\Component\\Console\\Output\\ConsoleOutput))
#14 /var/www/html/vendor/symfony/console/Application.php(195): Symfony\\Component\\Console\\Application->doRun(Object(Symfony\\Component\\Console\\Input\\ArgvInput), Object(Symfony\\Component\\Console\\Output\\ConsoleOutput))
#15 /var/www/html/vendor/laravel/framework/src/Illuminate/Foundation/Console/Kernel.php(198): Symfony\\Component\\Console\\Application->run(Object(Symfony\\Component\\Console\\Input\\ArgvInput), Object(Symfony\\Component\\Console\\Output\\ConsoleOutput))
#16 /var/www/html/vendor/laravel/framework/src/Illuminate/Foundation/Application.php(1235): Illuminate\\Foundation\\Console\\Kernel->handle(Object(Symfony\\Component\\Console\\Input\\ArgvInput), Object(Symfony\\Component\\Console\\Output\\ConsoleOutput))
#17 /var/www/html/artisan(13): Illuminate\\Foundation\\Application->handleCommand(Object(Symfony\\Component\\Console\\Input\\ArgvInput))
#18 {main}
"} 
[2026-06-05 02:30:25] production.ERROR: Scheduled command ['/usr/local/bin/php' 'artisan' anonaddy:parse-postfix-mail-log] failed with exit code [1]. {"exception":"[object] (Exception(code: 0): Scheduled command ['/usr/local/bin/php' 'artisan' anonaddy:parse-postfix-mail-log] failed with exit code [1]. at /var/www/html/vendor/laravel/framework/src/Illuminate/Console/Scheduling/ScheduleRunCommand.php:215)
[stacktrace]
#0 /var/www/html/vendor/laravel/framework/src/Illuminate/Console/View/Components/Task.php(43): Illuminate\\Console\\Scheduling\\ScheduleRunCommand->Illuminate\\Console\\Scheduling\\{closure}()
#1 /var/www/html/vendor/laravel/framework/src/Illuminate/Console/View/Components/Factory.php(59): Illuminate\\Console\\View\\Components\\Task->render('<fg=gray>2026-0...', Object(Closure))
#2 /var/www/html/vendor/laravel/framework/src/Illuminate/Console/Scheduling/ScheduleRunCommand.php(199): Illuminate\\Console\\View\\Components\\Factory->__call('task', Array)
#3 /var/www/html/vendor/laravel/framework/src/Illuminate/Console/Scheduling/ScheduleRunCommand.php(142): Illuminate\\Console\\Scheduling\\ScheduleRunCommand->runEvent(Object(Illuminate\\Console\\Scheduling\\Event))
#4 /var/www/html/vendor/laravel/framework/src/Illuminate/Container/BoundMethod.php(36): Illuminate\\Console\\Scheduling\\ScheduleRunCommand->handle(Object(Illuminate\\Console\\Scheduling\\Schedule), Object(Illuminate\\Events\\Dispatcher), Object(Illuminate\\Cache\\Repository), Object(Illuminate\\Foundation\\Exceptions\\Handler))
#5 /var/www/html/vendor/laravel/framework/src/Illuminate/Container/Util.php(43): Illuminate\\Container\\BoundMethod::Illuminate\\Container\\{closure}()
#6 /var/www/html/vendor/laravel/framework/src/Illuminate/Container/BoundMethod.php(96): Illuminate\\Container\\Util::unwrapIfClosure(Object(Closure))
#7 /var/www/html/vendor/laravel/framework/src/Illuminate/Container/BoundMethod.php(35): Illuminate\\Container\\BoundMethod::callBoundMethod(Object(Illuminate\\Foundation\\Application), Array, Object(Closure))
#8 /var/www/html/vendor/laravel/framework/src/Illuminate/Container/Container.php(799): Illuminate\\Container\\BoundMethod::call(Object(Illuminate\\Foundation\\Application), Array, Array, NULL)
#9 /var/www/html/vendor/laravel/framework/src/Illuminate/Console/Command.php(280): Illuminate\\Container\\Container->call(Array)
#10 /var/www/html/vendor/symfony/console/Command/Command.php(341): Illuminate\\Console\\Command->execute(Object(Symfony\\Component\\Console\\Input\\ArgvInput), Object(Illuminate\\Console\\OutputStyle))
#11 /var/www/html/vendor/laravel/framework/src/Illuminate/Console/Command.php(249): Symfony\\Component\\Console\\Command\\Command->run(Object(Symfony\\Component\\Console\\Input\\ArgvInput), Object(Illuminate\\Console\\OutputStyle))
#12 /var/www/html/vendor/symfony/console/Application.php(1117): Illuminate\\Console\\Command->run(Object(Symfony\\Component\\Console\\Input\\ArgvInput), Object(Symfony\\Component\\Console\\Output\\ConsoleOutput))
#13 /var/www/html/vendor/symfony/console/Application.php(356): Symfony\\Component\\Console\\Application->doRunCommand(Object(Illuminate\\Console\\Scheduling\\ScheduleRunCommand), Object(Symfony\\Component\\Console\\Input\\ArgvInput), Object(Symfony\\Component\\Console\\Output\\ConsoleOutput))
#14 /var/www/html/vendor/symfony/console/Application.php(195): Symfony\\Component\\Console\\Application->doRun(Object(Symfony\\Component\\Console\\Input\\ArgvInput), Object(Symfony\\Component\\Console\\Output\\ConsoleOutput))
#15 /var/www/html/vendor/laravel/framework/src/Illuminate/Foundation/Console/Kernel.php(198): Symfony\\Component\\Console\\Application->run(Object(Symfony\\Component\\Console\\Input\\ArgvInput), Object(Symfony\\Component\\Console\\Output\\ConsoleOutput))
#16 /var/www/html/vendor/laravel/framework/src/Illuminate/Foundation/Application.php(1235): Illuminate\\Foundation\\Console\\Kernel->handle(Object(Symfony\\Component\\Console\\Input\\ArgvInput), Object(Symfony\\Component\\Console\\Output\\ConsoleOutput))
#17 /var/www/html/artisan(13): Illuminate\\Foundation\\Application->handleCommand(Object(Symfony\\Component\\Console\\Input\\ArgvInput))
#18 {main}
"} 
[2026-06-05 02:35:24] production.ERROR: Scheduled command ['/usr/local/bin/php' 'artisan' anonaddy:parse-postfix-mail-log] failed with exit code [1]. {"exception":"[object] (Exception(code: 0): Scheduled command ['/usr/local/bin/php' 'artisan' anonaddy:parse-postfix-mail-log] failed with exit code [1]. at /var/www/html/vendor/laravel/framework/src/Illuminate/Console/Scheduling/ScheduleRunCommand.php:215)
[stacktrace]
#0 /var/www/html/vendor/laravel/framework/src/Illuminate/Console/View/Components/Task.php(43): Illuminate\\Console\\Scheduling\\ScheduleRunCommand->Illuminate\\Console\\Scheduling\\{closure}()
#1 /var/www/html/vendor/laravel/framework/src/Illuminate/Console/View/Components/Factory.php(59): Illuminate\\Console\\View\\Components\\Task->render('<fg=gray>2026-0...', Object(Closure))
#2 /var/www/html/vendor/laravel/framework/src/Illuminate/Console/Scheduling/ScheduleRunCommand.php(199): Illuminate\\Console\\View\\Components\\Factory->__call('task', Array)
#3 /var/www/html/vendor/laravel/framework/src/Illuminate/Console/Scheduling/ScheduleRunCommand.php(142): Illuminate\\Console\\Scheduling\\ScheduleRunCommand->runEvent(Object(Illuminate\\Console\\Scheduling\\Event))
#4 /var/www/html/vendor/laravel/framework/src/Illuminate/Container/BoundMethod.php(36): Illuminate\\Console\\Scheduling\\ScheduleRunCommand->handle(Object(Illuminate\\Console\\Scheduling\\Schedule), Object(Illuminate\\Events\\Dispatcher), Object(Illuminate\\Cache\\Repository), Object(Illuminate\\Foundation\\Exceptions\\Handler))
#5 /var/www/html/vendor/laravel/framework/src/Illuminate/Container/Util.php(43): Illuminate\\Container\\BoundMethod::Illuminate\\Container\\{closure}()
#6 /var/www/html/vendor/laravel/framework/src/Illuminate/Container/BoundMethod.php(96): Illuminate\\Container\\Util::unwrapIfClosure(Object(Closure))
#7 /var/www/html/vendor/laravel/framework/src/Illuminate/Container/BoundMethod.php(35): Illuminate\\Container\\BoundMethod::callBoundMethod(Object(Illuminate\\Foundation\\Application), Array, Object(Closure))
#8 /var/www/html/vendor/laravel/framework/src/Illuminate/Container/Container.php(799): Illuminate\\Container\\BoundMethod::call(Object(Illuminate\\Foundation\\Application), Array, Array, NULL)
#9 /var/www/html/vendor/laravel/framework/src/Illuminate/Console/Command.php(280): Illuminate\\Container\\Container->call(Array)
#10 /var/www/html/vendor/symfony/console/Command/Command.php(341): Illuminate\\Console\\Command->execute(Object(Symfony\\Component\\Console\\Input\\ArgvInput), Object(Illuminate\\Console\\OutputStyle))
#11 /var/www/html/vendor/laravel/framework/src/Illuminate/Console/Command.php(249): Symfony\\Component\\Console\\Command\\Command->run(Object(Symfony\\Component\\Console\\Input\\ArgvInput), Object(Illuminate\\Console\\OutputStyle))
#12 /var/www/html/vendor/symfony/console/Application.php(1117): Illuminate\\Console\\Command->run(Object(Symfony\\Component\\Console\\Input\\ArgvInput), Object(Symfony\\Component\\Console\\Output\\ConsoleOutput))
#13 /var/www/html/vendor/symfony/console/Application.php(356): Symfony\\Component\\Console\\Application->doRunCommand(Object(Illuminate\\Console\\Scheduling\\ScheduleRunCommand), Object(Symfony\\Component\\Console\\Input\\ArgvInput), Object(Symfony\\Component\\Console\\Output\\ConsoleOutput))
#14 /var/www/html/vendor/symfony/console/Application.php(195): Symfony\\Component\\Console\\Application->doRun(Object(Symfony\\Component\\Console\\Input\\ArgvInput), Object(Symfony\\Component\\Console\\Output\\ConsoleOutput))
#15 /var/www/html/vendor/laravel/framework/src/Illuminate/Foundation/Console/Kernel.php(198): Symfony\\Component\\Console\\Application->run(Object(Symfony\\Component\\Console\\Input\\ArgvInput), Object(Symfony\\Component\\Console\\Output\\ConsoleOutput))
#16 /var/www/html/vendor/laravel/framework/src/Illuminate/Foundation/Application.php(1235): Illuminate\\Foundation\\Console\\Kernel->handle(Object(Symfony\\Component\\Console\\Input\\ArgvInput), Object(Symfony\\Component\\Console\\Output\\ConsoleOutput))
#17 /var/www/html/artisan(13): Illuminate\\Foundation\\Application->handleCommand(Object(Symfony\\Component\\Console\\Input\\ArgvInput))
#18 {main}
"} 
[2026-06-05 02:40:25] production.ERROR: Scheduled command ['/usr/local/bin/php' 'artisan' anonaddy:parse-postfix-mail-log] failed with exit code [1]. {"exception":"[object] (Exception(code: 0): Scheduled command ['/usr/local/bin/php' 'artisan' anonaddy:parse-postfix-mail-log] failed with exit code [1]. at /var/www/html/vendor/laravel/framework/src/Illuminate/Console/Scheduling/ScheduleRunCommand.php:215)
[stacktrace]
#0 /var/www/html/vendor/laravel/framework/src/Illuminate/Console/View/Components/Task.php(43): Illuminate\\Console\\Scheduling\\ScheduleRunCommand->Illuminate\\Console\\Scheduling\\{closure}()
#1 /var/www/html/vendor/laravel/framework/src/Illuminate/Console/View/Components/Factory.php(59): Illuminate\\Console\\View\\Components\\Task->render('<fg=gray>2026-0...', Object(Closure))
#2 /var/www/html/vendor/laravel/framework/src/Illuminate/Console/Scheduling/ScheduleRunCommand.php(199): Illuminate\\Console\\View\\Components\\Factory->__call('task', Array)
#3 /var/www/html/vendor/laravel/framework/src/Illuminate/Console/Scheduling/ScheduleRunCommand.php(142): Illuminate\\Console\\Scheduling\\ScheduleRunCommand->runEvent(Object(Illuminate\\Console\\Scheduling\\Event))
#4 /var/www/html/vendor/laravel/framework/src/Illuminate/Container/BoundMethod.php(36): Illuminate\\Console\\Scheduling\\ScheduleRunCommand->handle(Object(Illuminate\\Console\\Scheduling\\Schedule), Object(Illuminate\\Events\\Dispatcher), Object(Illuminate\\Cache\\Repository), Object(Illuminate\\Foundation\\Exceptions\\Handler))
#5 /var/www/html/vendor/laravel/framework/src/Illuminate/Container/Util.php(43): Illuminate\\Container\\BoundMethod::Illuminate\\Container\\{closure}()
#6 /var/www/html/vendor/laravel/framework/src/Illuminate/Container/BoundMethod.php(96): Illuminate\\Container\\Util::unwrapIfClosure(Object(Closure))
#7 /var/www/html/vendor/laravel/framework/src/Illuminate/Container/BoundMethod.php(35): Illuminate\\Container\\BoundMethod::callBoundMethod(Object(Illuminate\\Foundation\\Application), Array, Object(Closure))
#8 /var/www/html/vendor/laravel/framework/src/Illuminate/Container/Container.php(799): Illuminate\\Container\\BoundMethod::call(Object(Illuminate\\Foundation\\Application), Array, Array, NULL)
#9 /var/www/html/vendor/laravel/framework/src/Illuminate/Console/Command.php(280): Illuminate\\Container\\Container->call(Array)
#10 /var/www/html/vendor/symfony/console/Command/Command.php(341): Illuminate\\Console\\Command->execute(Object(Symfony\\Component\\Console\\Input\\ArgvInput), Object(Illuminate\\Console\\OutputStyle))
#11 /var/www/html/vendor/laravel/framework/src/Illuminate/Console/Command.php(249): Symfony\\Component\\Console\\Command\\Command->run(Object(Symfony\\Component\\Console\\Input\\ArgvInput), Object(Illuminate\\Console\\OutputStyle))
#12 /var/www/html/vendor/symfony/console/Application.php(1117): Illuminate\\Console\\Command->run(Object(Symfony\\Component\\Console\\Input\\ArgvInput), Object(Symfony\\Component\\Console\\Output\\ConsoleOutput))
#13 /var/www/html/vendor/symfony/console/Application.php(356): Symfony\\Component\\Console\\Application->doRunCommand(Object(Illuminate\\Console\\Scheduling\\ScheduleRunCommand), Object(Symfony\\Component\\Console\\Input\\ArgvInput), Object(Symfony\\Component\\Console\\Output\\ConsoleOutput))
#14 /var/www/html/vendor/symfony/console/Application.php(195): Symfony\\Component\\Console\\Application->doRun(Object(Symfony\\Component\\Console\\Input\\ArgvInput), Object(Symfony\\Component\\Console\\Output\\ConsoleOutput))
#15 /var/www/html/vendor/laravel/framework/src/Illuminate/Foundation/Console/Kernel.php(198): Symfony\\Component\\Console\\Application->run(Object(Symfony\\Component\\Console\\Input\\ArgvInput), Object(Symfony\\Component\\Console\\Output\\ConsoleOutput))
#16 /var/www/html/vendor/laravel/framework/src/Illuminate/Foundation/Application.php(1235): Illuminate\\Foundation\\Console\\Kernel->handle(Object(Symfony\\Component\\Console\\Input\\ArgvInput), Object(Symfony\\Component\\Console\\Output\\ConsoleOutput))
#17 /var/www/html/artisan(13): Illuminate\\Foundation\\Application->handleCommand(Object(Symfony\\Component\\Console\\Input\\ArgvInput))
#18 {main}
"} 
[2026-06-05 02:45:24] production.ERROR: Scheduled command ['/usr/local/bin/php' 'artisan' anonaddy:parse-postfix-mail-log] failed with exit code [1]. {"exception":"[object] (Exception(code: 0): Scheduled command ['/usr/local/bin/php' 'artisan' anonaddy:parse-postfix-mail-log] failed with exit code [1]. at /var/www/html/vendor/laravel/framework/src/Illuminate/Console/Scheduling/ScheduleRunCommand.php:215)
[stacktrace]
#0 /var/www/html/vendor/laravel/framework/src/Illuminate/Console/View/Components/Task.php(43): Illuminate\\Console\\Scheduling\\ScheduleRunCommand->Illuminate\\Console\\Scheduling\\{closure}()
#1 /var/www/html/vendor/laravel/framework/src/Illuminate/Console/View/Components/Factory.php(59): Illuminate\\Console\\View\\Components\\Task->render('<fg=gray>2026-0...', Object(Closure))
#2 /var/www/html/vendor/laravel/framework/src/Illuminate/Console/Scheduling/ScheduleRunCommand.php(199): Illuminate\\Console\\View\\Components\\Factory->__call('task', Array)
#3 /var/www/html/vendor/laravel/framework/src/Illuminate/Console/Scheduling/ScheduleRunCommand.php(142): Illuminate\\Console\\Scheduling\\ScheduleRunCommand->runEvent(Object(Illuminate\\Console\\Scheduling\\Event))
#4 /var/www/html/vendor/laravel/framework/src/Illuminate/Container/BoundMethod.php(36): Illuminate\\Console\\Scheduling\\ScheduleRunCommand->handle(Object(Illuminate\\Console\\Scheduling\\Schedule), Object(Illuminate\\Events\\Dispatcher), Object(Illuminate\\Cache\\Repository), Object(Illuminate\\Foundation\\Exceptions\\Handler))
#5 /var/www/html/vendor/laravel/framework/src/Illuminate/Container/Util.php(43): Illuminate\\Container\\BoundMethod::Illuminate\\Container\\{closure}()
#6 /var/www/html/vendor/laravel/framework/src/Illuminate/Container/BoundMethod.php(96): Illuminate\\Container\\Util::unwrapIfClosure(Object(Closure))
#7 /var/www/html/vendor/laravel/framework/src/Illuminate/Container/BoundMethod.php(35): Illuminate\\Container\\BoundMethod::callBoundMethod(Object(Illuminate\\Foundation\\Application), Array, Object(Closure))
#8 /var/www/html/vendor/laravel/framework/src/Illuminate/Container/Container.php(799): Illuminate\\Container\\BoundMethod::call(Object(Illuminate\\Foundation\\Application), Array, Array, NULL)
#9 /var/www/html/vendor/laravel/framework/src/Illuminate/Console/Command.php(280): Illuminate\\Container\\Container->call(Array)
#10 /var/www/html/vendor/symfony/console/Command/Command.php(341): Illuminate\\Console\\Command->execute(Object(Symfony\\Component\\Console\\Input\\ArgvInput), Object(Illuminate\\Console\\OutputStyle))
#11 /var/www/html/vendor/laravel/framework/src/Illuminate/Console/Command.php(249): Symfony\\Component\\Console\\Command\\Command->run(Object(Symfony\\Component\\Console\\Input\\ArgvInput), Object(Illuminate\\Console\\OutputStyle))
#12 /var/www/html/vendor/symfony/console/Application.php(1117): Illuminate\\Console\\Command->run(Object(Symfony\\Component\\Console\\Input\\ArgvInput), Object(Symfony\\Component\\Console\\Output\\ConsoleOutput))
#13 /var/www/html/vendor/symfony/console/Application.php(356): Symfony\\Component\\Console\\Application->doRunCommand(Object(Illuminate\\Console\\Scheduling\\ScheduleRunCommand), Object(Symfony\\Component\\Console\\Input\\ArgvInput), Object(Symfony\\Component\\Console\\Output\\ConsoleOutput))
#14 /var/www/html/vendor/symfony/console/Application.php(195): Symfony\\Component\\Console\\Application->doRun(Object(Symfony\\Component\\Console\\Input\\ArgvInput), Object(Symfony\\Component\\Console\\Output\\ConsoleOutput))
#15 /var/www/html/vendor/laravel/framework/src/Illuminate/Foundation/Console/Kernel.php(198): Symfony\\Component\\Console\\Application->run(Object(Symfony\\Component\\Console\\Input\\ArgvInput), Object(Symfony\\Component\\Console\\Output\\ConsoleOutput))
#16 /var/www/html/vendor/laravel/framework/src/Illuminate/Foundation/Application.php(1235): Illuminate\\Foundation\\Console\\Kernel->handle(Object(Symfony\\Component\\Console\\Input\\ArgvInput), Object(Symfony\\Component\\Console\\Output\\ConsoleOutput))
#17 /var/www/html/artisan(13): Illuminate\\Foundation\\Application->handleCommand(Object(Symfony\\Component\\Console\\Input\\ArgvInput))
#18 {main}
"} 
[2026-06-05 02:50:25] production.ERROR: Scheduled command ['/usr/local/bin/php' 'artisan' anonaddy:parse-postfix-mail-log] failed with exit code [1]. {"exception":"[object] (Exception(code: 0): Scheduled command ['/usr/local/bin/php' 'artisan' anonaddy:parse-postfix-mail-log] failed with exit code [1]. at /var/www/html/vendor/laravel/framework/src/Illuminate/Console/Scheduling/ScheduleRunCommand.php:215)
[stacktrace]
#0 /var/www/html/vendor/laravel/framework/src/Illuminate/Console/View/Components/Task.php(43): Illuminate\\Console\\Scheduling\\ScheduleRunCommand->Illuminate\\Console\\Scheduling\\{closure}()
#1 /var/www/html/vendor/laravel/framework/src/Illuminate/Console/View/Components/Factory.php(59): Illuminate\\Console\\View\\Components\\Task->render('<fg=gray>2026-0...', Object(Closure))
#2 /var/www/html/vendor/laravel/framework/src/Illuminate/Console/Scheduling/ScheduleRunCommand.php(199): Illuminate\\Console\\View\\Components\\Factory->__call('task', Array)
#3 /var/www/html/vendor/laravel/framework/src/Illuminate/Console/Scheduling/ScheduleRunCommand.php(142): Illuminate\\Console\\Scheduling\\ScheduleRunCommand->runEvent(Object(Illuminate\\Console\\Scheduling\\Event))
#4 /var/www/html/vendor/laravel/framework/src/Illuminate/Container/BoundMethod.php(36): Illuminate\\Console\\Scheduling\\ScheduleRunCommand->handle(Object(Illuminate\\Console\\Scheduling\\Schedule), Object(Illuminate\\Events\\Dispatcher), Object(Illuminate\\Cache\\Repository), Object(Illuminate\\Foundation\\Exceptions\\Handler))
#5 /var/www/html/vendor/laravel/framework/src/Illuminate/Container/Util.php(43): Illuminate\\Container\\BoundMethod::Illuminate\\Container\\{closure}()
#6 /var/www/html/vendor/laravel/framework/src/Illuminate/Container/BoundMethod.php(96): Illuminate\\Container\\Util::unwrapIfClosure(Object(Closure))
#7 /var/www/html/vendor/laravel/framework/src/Illuminate/Container/BoundMethod.php(35): Illuminate\\Container\\BoundMethod::callBoundMethod(Object(Illuminate\\Foundation\\Application), Array, Object(Closure))
#8 /var/www/html/vendor/laravel/framework/src/Illuminate/Container/Container.php(799): Illuminate\\Container\\BoundMethod::call(Object(Illuminate\\Foundation\\Application), Array, Array, NULL)
#9 /var/www/html/vendor/laravel/framework/src/Illuminate/Console/Command.php(280): Illuminate\\Container\\Container->call(Array)
#10 /var/www/html/vendor/symfony/console/Command/Command.php(341): Illuminate\\Console\\Command->execute(Object(Symfony\\Component\\Console\\Input\\ArgvInput), Object(Illuminate\\Console\\OutputStyle))
#11 /var/www/html/vendor/laravel/framework/src/Illuminate/Console/Command.php(249): Symfony\\Component\\Console\\Command\\Command->run(Object(Symfony\\Component\\Console\\Input\\ArgvInput), Object(Illuminate\\Console\\OutputStyle))
#12 /var/www/html/vendor/symfony/console/Application.php(1117): Illuminate\\Console\\Command->run(Object(Symfony\\Component\\Console\\Input\\ArgvInput), Object(Symfony\\Component\\Console\\Output\\ConsoleOutput))
#13 /var/www/html/vendor/symfony/console/Application.php(356): Symfony\\Component\\Console\\Application->doRunCommand(Object(Illuminate\\Console\\Scheduling\\ScheduleRunCommand), Object(Symfony\\Component\\Console\\Input\\ArgvInput), Object(Symfony\\Component\\Console\\Output\\ConsoleOutput))
#14 /var/www/html/vendor/symfony/console/Application.php(195): Symfony\\Component\\Console\\Application->doRun(Object(Symfony\\Component\\Console\\Input\\ArgvInput), Object(Symfony\\Component\\Console\\Output\\ConsoleOutput))
#15 /var/www/html/vendor/laravel/framework/src/Illuminate/Foundation/Console/Kernel.php(198): Symfony\\Component\\Console\\Application->run(Object(Symfony\\Component\\Console\\Input\\ArgvInput), Object(Symfony\\Component\\Console\\Output\\ConsoleOutput))
#16 /var/www/html/vendor/laravel/framework/src/Illuminate/Foundation/Application.php(1235): Illuminate\\Foundation\\Console\\Kernel->handle(Object(Symfony\\Component\\Console\\Input\\ArgvInput), Object(Symfony\\Component\\Console\\Output\\ConsoleOutput))
#17 /var/www/html/artisan(13): Illuminate\\Foundation\\Application->handleCommand(Object(Symfony\\Component\\Console\\Input\\ArgvInput))
#18 {main}
"} 
[2026-06-05 02:55:24] production.ERROR: Scheduled command ['/usr/local/bin/php' 'artisan' anonaddy:parse-postfix-mail-log] failed with exit code [1]. {"exception":"[object] (Exception(code: 0): Scheduled command ['/usr/local/bin/php' 'artisan' anonaddy:parse-postfix-mail-log] failed with exit code [1]. at /var/www/html/vendor/laravel/framework/src/Illuminate/Console/Scheduling/ScheduleRunCommand.php:215)
[stacktrace]
#0 /var/www/html/vendor/laravel/framework/src/Illuminate/Console/View/Components/Task.php(43): Illuminate\\Console\\Scheduling\\ScheduleRunCommand->Illuminate\\Console\\Scheduling\\{closure}()
#1 /var/www/html/vendor/laravel/framework/src/Illuminate/Console/View/Components/Factory.php(59): Illuminate\\Console\\View\\Components\\Task->render('<fg=gray>2026-0...', Object(Closure))
#2 /var/www/html/vendor/laravel/framework/src/Illuminate/Console/Scheduling/ScheduleRunCommand.php(199): Illuminate\\Console\\View\\Components\\Factory->__call('task', Array)
#3 /var/www/html/vendor/laravel/framework/src/Illuminate/Console/Scheduling/ScheduleRunCommand.php(142): Illuminate\\Console\\Scheduling\\ScheduleRunCommand->runEvent(Object(Illuminate\\Console\\Scheduling\\Event))
#4 /var/www/html/vendor/laravel/framework/src/Illuminate/Container/BoundMethod.php(36): Illuminate\\Console\\Scheduling\\ScheduleRunCommand->handle(Object(Illuminate\\Console\\Scheduling\\Schedule), Object(Illuminate\\Events\\Dispatcher), Object(Illuminate\\Cache\\Repository), Object(Illuminate\\Foundation\\Exceptions\\Handler))
#5 /var/www/html/vendor/laravel/framework/src/Illuminate/Container/Util.php(43): Illuminate\\Container\\BoundMethod::Illuminate\\Container\\{closure}()
#6 /var/www/html/vendor/laravel/framework/src/Illuminate/Container/BoundMethod.php(96): Illuminate\\Container\\Util::unwrapIfClosure(Object(Closure))
#7 /var/www/html/vendor/laravel/framework/src/Illuminate/Container/BoundMethod.php(35): Illuminate\\Container\\BoundMethod::callBoundMethod(Object(Illuminate\\Foundation\\Application), Array, Object(Closure))
#8 /var/www/html/vendor/laravel/framework/src/Illuminate/Container/Container.php(799): Illuminate\\Container\\BoundMethod::call(Object(Illuminate\\Foundation\\Application), Array, Array, NULL)
#9 /var/www/html/vendor/laravel/framework/src/Illuminate/Console/Command.php(280): Illuminate\\Container\\Container->call(Array)
#10 /var/www/html/vendor/symfony/console/Command/Command.php(341): Illuminate\\Console\\Command->execute(Object(Symfony\\Component\\Console\\Input\\ArgvInput), Object(Illuminate\\Console\\OutputStyle))
#11 /var/www/html/vendor/laravel/framework/src/Illuminate/Console/Command.php(249): Symfony\\Component\\Console\\Command\\Command->run(Object(Symfony\\Component\\Console\\Input\\ArgvInput), Object(Illuminate\\Console\\OutputStyle))
#12 /var/www/html/vendor/symfony/console/Application.php(1117): Illuminate\\Console\\Command->run(Object(Symfony\\Component\\Console\\Input\\ArgvInput), Object(Symfony\\Component\\Console\\Output\\ConsoleOutput))
#13 /var/www/html/vendor/symfony/console/Application.php(356): Symfony\\Component\\Console\\Application->doRunCommand(Object(Illuminate\\Console\\Scheduling\\ScheduleRunCommand), Object(Symfony\\Component\\Console\\Input\\ArgvInput), Object(Symfony\\Component\\Console\\Output\\ConsoleOutput))
#14 /var/www/html/vendor/symfony/console/Application.php(195): Symfony\\Component\\Console\\Application->doRun(Object(Symfony\\Component\\Console\\Input\\ArgvInput), Object(Symfony\\Component\\Console\\Output\\ConsoleOutput))
#15 /var/www/html/vendor/laravel/framework/src/Illuminate/Foundation/Console/Kernel.php(198): Symfony\\Component\\Console\\Application->run(Object(Symfony\\Component\\Console\\Input\\ArgvInput), Object(Symfony\\Component\\Console\\Output\\ConsoleOutput))
#16 /var/www/html/vendor/laravel/framework/src/Illuminate/Foundation/Application.php(1235): Illuminate\\Foundation\\Console\\Kernel->handle(Object(Symfony\\Component\\Console\\Input\\ArgvInput), Object(Symfony\\Component\\Console\\Output\\ConsoleOutput))
#17 /var/www/html/artisan(13): Illuminate\\Foundation\\Application->handleCommand(Object(Symfony\\Component\\Console\\Input\\ArgvInput))
#18 {main}
"} 
[2026-06-05 03:00:25] production.ERROR: Scheduled command ['/usr/local/bin/php' 'artisan' anonaddy:parse-postfix-mail-log] failed with exit code [1]. {"exception":"[object] (Exception(code: 0): Scheduled command ['/usr/local/bin/php' 'artisan' anonaddy:parse-postfix-mail-log] failed with exit code [1]. at /var/www/html/vendor/laravel/framework/src/Illuminate/Console/Scheduling/ScheduleRunCommand.php:215)
[stacktrace]
#0 /var/www/html/vendor/laravel/framework/src/Illuminate/Console/View/Components/Task.php(43): Illuminate\\Console\\Scheduling\\ScheduleRunCommand->Illuminate\\Console\\Scheduling\\{closure}()
#1 /var/www/html/vendor/laravel/framework/src/Illuminate/Console/View/Components/Factory.php(59): Illuminate\\Console\\View\\Components\\Task->render('<fg=gray>2026-0...', Object(Closure))
#2 /var/www/html/vendor/laravel/framework/src/Illuminate/Console/Scheduling/ScheduleRunCommand.php(199): Illuminate\\Console\\View\\Components\\Factory->__call('task', Array)
#3 /var/www/html/vendor/laravel/framework/src/Illuminate/Console/Scheduling/ScheduleRunCommand.php(142): Illuminate\\Console\\Scheduling\\ScheduleRunCommand->runEvent(Object(Illuminate\\Console\\Scheduling\\Event))
#4 /var/www/html/vendor/laravel/framework/src/Illuminate/Container/BoundMethod.php(36): Illuminate\\Console\\Scheduling\\ScheduleRunCommand->handle(Object(Illuminate\\Console\\Scheduling\\Schedule), Object(Illuminate\\Events\\Dispatcher), Object(Illuminate\\Cache\\Repository), Object(Illuminate\\Foundation\\Exceptions\\Handler))
#5 /var/www/html/vendor/laravel/framework/src/Illuminate/Container/Util.php(43): Illuminate\\Container\\BoundMethod::Illuminate\\Container\\{closure}()
#6 /var/www/html/vendor/laravel/framework/src/Illuminate/Container/BoundMethod.php(96): Illuminate\\Container\\Util::unwrapIfClosure(Object(Closure))
#7 /var/www/html/vendor/laravel/framework/src/Illuminate/Container/BoundMethod.php(35): Illuminate\\Container\\BoundMethod::callBoundMethod(Object(Illuminate\\Foundation\\Application), Array, Object(Closure))
#8 /var/www/html/vendor/laravel/framework/src/Illuminate/Container/Container.php(799): Illuminate\\Container\\BoundMethod::call(Object(Illuminate\\Foundation\\Application), Array, Array, NULL)
#9 /var/www/html/vendor/laravel/framework/src/Illuminate/Console/Command.php(280): Illuminate\\Container\\Container->call(Array)
#10 /var/www/html/vendor/symfony/console/Command/Command.php(341): Illuminate\\Console\\Command->execute(Object(Symfony\\Component\\Console\\Input\\ArgvInput), Object(Illuminate\\Console\\OutputStyle))
#11 /var/www/html/vendor/laravel/framework/src/Illuminate/Console/Command.php(249): Symfony\\Component\\Console\\Command\\Command->run(Object(Symfony\\Component\\Console\\Input\\ArgvInput), Object(Illuminate\\Console\\OutputStyle))
#12 /var/www/html/vendor/symfony/console/Application.php(1117): Illuminate\\Console\\Command->run(Object(Symfony\\Component\\Console\\Input\\ArgvInput), Object(Symfony\\Component\\Console\\Output\\ConsoleOutput))
#13 /var/www/html/vendor/symfony/console/Application.php(356): Symfony\\Component\\Console\\Application->doRunCommand(Object(Illuminate\\Console\\Scheduling\\ScheduleRunCommand), Object(Symfony\\Component\\Console\\Input\\ArgvInput), Object(Symfony\\Component\\Console\\Output\\ConsoleOutput))
#14 /var/www/html/vendor/symfony/console/Application.php(195): Symfony\\Component\\Console\\Application->doRun(Object(Symfony\\Component\\Console\\Input\\ArgvInput), Object(Symfony\\Component\\Console\\Output\\ConsoleOutput))
#15 /var/www/html/vendor/laravel/framework/src/Illuminate/Foundation/Console/Kernel.php(198): Symfony\\Component\\Console\\Application->run(Object(Symfony\\Component\\Console\\Input\\ArgvInput), Object(Symfony\\Component\\Console\\Output\\ConsoleOutput))
#16 /var/www/html/vendor/laravel/framework/src/Illuminate/Foundation/Application.php(1235): Illuminate\\Foundation\\Console\\Kernel->handle(Object(Symfony\\Component\\Console\\Input\\ArgvInput), Object(Symfony\\Component\\Console\\Output\\ConsoleOutput))
#17 /var/www/html/artisan(13): Illuminate\\Foundation\\Application->handleCommand(Object(Symfony\\Component\\Console\\Input\\ArgvInput))
#18 {main}
"} 
[2026-06-05 03:05:23] production.ERROR: Scheduled command ['/usr/local/bin/php' 'artisan' anonaddy:parse-postfix-mail-log] failed with exit code [1]. {"exception":"[object] (Exception(code: 0): Scheduled command ['/usr/local/bin/php' 'artisan' anonaddy:parse-postfix-mail-log] failed with exit code [1]. at /var/www/html/vendor/laravel/framework/src/Illuminate/Console/Scheduling/ScheduleRunCommand.php:215)
[stacktrace]
#0 /var/www/html/vendor/laravel/framework/src/Illuminate/Console/View/Components/Task.php(43): Illuminate\\Console\\Scheduling\\ScheduleRunCommand->Illuminate\\Console\\Scheduling\\{closure}()
#1 /var/www/html/vendor/laravel/framework/src/Illuminate/Console/View/Components/Factory.php(59): Illuminate\\Console\\View\\Components\\Task->render('<fg=gray>2026-0...', Object(Closure))
#2 /var/www/html/vendor/laravel/framework/src/Illuminate/Console/Scheduling/ScheduleRunCommand.php(199): Illuminate\\Console\\View\\Components\\Factory->__call('task', Array)
#3 /var/www/html/vendor/laravel/framework/src/Illuminate/Console/Scheduling/ScheduleRunCommand.php(142): Illuminate\\Console\\Scheduling\\ScheduleRunCommand->runEvent(Object(Illuminate\\Console\\Scheduling\\Event))
#4 /var/www/html/vendor/laravel/framework/src/Illuminate/Container/BoundMethod.php(36): Illuminate\\Console\\Scheduling\\ScheduleRunCommand->handle(Object(Illuminate\\Console\\Scheduling\\Schedule), Object(Illuminate\\Events\\Dispatcher), Object(Illuminate\\Cache\\Repository), Object(Illuminate\\Foundation\\Exceptions\\Handler))
#5 /var/www/html/vendor/laravel/framework/src/Illuminate/Container/Util.php(43): Illuminate\\Container\\BoundMethod::Illuminate\\Container\\{closure}()
#6 /var/www/html/vendor/laravel/framework/src/Illuminate/Container/BoundMethod.php(96): Illuminate\\Container\\Util::unwrapIfClosure(Object(Closure))
#7 /var/www/html/vendor/laravel/framework/src/Illuminate/Container/BoundMethod.php(35): Illuminate\\Container\\BoundMethod::callBoundMethod(Object(Illuminate\\Foundation\\Application), Array, Object(Closure))
#8 /var/www/html/vendor/laravel/framework/src/Illuminate/Container/Container.php(799): Illuminate\\Container\\BoundMethod::call(Object(Illuminate\\Foundation\\Application), Array, Array, NULL)
#9 /var/www/html/vendor/laravel/framework/src/Illuminate/Console/Command.php(280): Illuminate\\Container\\Container->call(Array)
#10 /var/www/html/vendor/symfony/console/Command/Command.php(341): Illuminate\\Console\\Command->execute(Object(Symfony\\Component\\Console\\Input\\ArgvInput), Object(Illuminate\\Console\\OutputStyle))
#11 /var/www/html/vendor/laravel/framework/src/Illuminate/Console/Command.php(249): Symfony\\Component\\Console\\Command\\Command->run(Object(Symfony\\Component\\Console\\Input\\ArgvInput), Object(Illuminate\\Console\\OutputStyle))
#12 /var/www/html/vendor/symfony/console/Application.php(1117): Illuminate\\Console\\Command->run(Object(Symfony\\Component\\Console\\Input\\ArgvInput), Object(Symfony\\Component\\Console\\Output\\ConsoleOutput))
#13 /var/www/html/vendor/symfony/console/Application.php(356): Symfony\\Component\\Console\\Application->doRunCommand(Object(Illuminate\\Console\\Scheduling\\ScheduleRunCommand), Object(Symfony\\Component\\Console\\Input\\ArgvInput), Object(Symfony\\Component\\Console\\Output\\ConsoleOutput))
#14 /var/www/html/vendor/symfony/console/Application.php(195): Symfony\\Component\\Console\\Application->doRun(Object(Symfony\\Component\\Console\\Input\\ArgvInput), Object(Symfony\\Component\\Console\\Output\\ConsoleOutput))
#15 /var/www/html/vendor/laravel/framework/src/Illuminate/Foundation/Console/Kernel.php(198): Symfony\\Component\\Console\\Application->run(Object(Symfony\\Component\\Console\\Input\\ArgvInput), Object(Symfony\\Component\\Console\\Output\\ConsoleOutput))
#16 /var/www/html/vendor/laravel/framework/src/Illuminate/Foundation/Application.php(1235): Illuminate\\Foundation\\Console\\Kernel->handle(Object(Symfony\\Component\\Console\\Input\\ArgvInput), Object(Symfony\\Component\\Console\\Output\\ConsoleOutput))
#17 /var/www/html/artisan(13): Illuminate\\Foundation\\Application->handleCommand(Object(Symfony\\Component\\Console\\Input\\ArgvInput))
#18 {main}
"} 
[2026-06-05 03:10:24] production.ERROR: Scheduled command ['/usr/local/bin/php' 'artisan' anonaddy:parse-postfix-mail-log] failed with exit code [1]. {"exception":"[object] (Exception(code: 0): Scheduled command ['/usr/local/bin/php' 'artisan' anonaddy:parse-postfix-mail-log] failed with exit code [1]. at /var/www/html/vendor/laravel/framework/src/Illuminate/Console/Scheduling/ScheduleRunCommand.php:215)
[stacktrace]
#0 /var/www/html/vendor/laravel/framework/src/Illuminate/Console/View/Components/Task.php(43): Illuminate\\Console\\Scheduling\\ScheduleRunCommand->Illuminate\\Console\\Scheduling\\{closure}()
#1 /var/www/html/vendor/laravel/framework/src/Illuminate/Console/View/Components/Factory.php(59): Illuminate\\Console\\View\\Components\\Task->render('<fg=gray>2026-0...', Object(Closure))
#2 /var/www/html/vendor/laravel/framework/src/Illuminate/Console/Scheduling/ScheduleRunCommand.php(199): Illuminate\\Console\\View\\Components\\Factory->__call('task', Array)
#3 /var/www/html/vendor/laravel/framework/src/Illuminate/Console/Scheduling/ScheduleRunCommand.php(142): Illuminate\\Console\\Scheduling\\ScheduleRunCommand->runEvent(Object(Illuminate\\Console\\Scheduling\\Event))
#4 /var/www/html/vendor/laravel/framework/src/Illuminate/Container/BoundMethod.php(36): Illuminate\\Console\\Scheduling\\ScheduleRunCommand->handle(Object(Illuminate\\Console\\Scheduling\\Schedule), Object(Illuminate\\Events\\Dispatcher), Object(Illuminate\\Cache\\Repository), Object(Illuminate\\Foundation\\Exceptions\\Handler))
#5 /var/www/html/vendor/laravel/framework/src/Illuminate/Container/Util.php(43): Illuminate\\Container\\BoundMethod::Illuminate\\Container\\{closure}()
#6 /var/www/html/vendor/laravel/framework/src/Illuminate/Container/BoundMethod.php(96): Illuminate\\Container\\Util::unwrapIfClosure(Object(Closure))
#7 /var/www/html/vendor/laravel/framework/src/Illuminate/Container/BoundMethod.php(35): Illuminate\\Container\\BoundMethod::callBoundMethod(Object(Illuminate\\Foundation\\Application), Array, Object(Closure))
#8 /var/www/html/vendor/laravel/framework/src/Illuminate/Container/Container.php(799): Illuminate\\Container\\BoundMethod::call(Object(Illuminate\\Foundation\\Application), Array, Array, NULL)
#9 /var/www/html/vendor/laravel/framework/src/Illuminate/Console/Command.php(280): Illuminate\\Container\\Container->call(Array)
#10 /var/www/html/vendor/symfony/console/Command/Command.php(341): Illuminate\\Console\\Command->execute(Object(Symfony\\Component\\Console\\Input\\ArgvInput), Object(Illuminate\\Console\\OutputStyle))
#11 /var/www/html/vendor/laravel/framework/src/Illuminate/Console/Command.php(249): Symfony\\Component\\Console\\Command\\Command->run(Object(Symfony\\Component\\Console\\Input\\ArgvInput), Object(Illuminate\\Console\\OutputStyle))
#12 /var/www/html/vendor/symfony/console/Application.php(1117): Illuminate\\Console\\Command->run(Object(Symfony\\Component\\Console\\Input\\ArgvInput), Object(Symfony\\Component\\Console\\Output\\ConsoleOutput))
#13 /var/www/html/vendor/symfony/console/Application.php(356): Symfony\\Component\\Console\\Application->doRunCommand(Object(Illuminate\\Console\\Scheduling\\ScheduleRunCommand), Object(Symfony\\Component\\Console\\Input\\ArgvInput), Object(Symfony\\Component\\Console\\Output\\ConsoleOutput))
#14 /var/www/html/vendor/symfony/console/Application.php(195): Symfony\\Component\\Console\\Application->doRun(Object(Symfony\\Component\\Console\\Input\\ArgvInput), Object(Symfony\\Component\\Console\\Output\\ConsoleOutput))
#15 /var/www/html/vendor/laravel/framework/src/Illuminate/Foundation/Console/Kernel.php(198): Symfony\\Component\\Console\\Application->run(Object(Symfony\\Component\\Console\\Input\\ArgvInput), Object(Symfony\\Component\\Console\\Output\\ConsoleOutput))
#16 /var/www/html/vendor/laravel/framework/src/Illuminate/Foundation/Application.php(1235): Illuminate\\Foundation\\Console\\Kernel->handle(Object(Symfony\\Component\\Console\\Input\\ArgvInput), Object(Symfony\\Component\\Console\\Output\\ConsoleOutput))
#17 /var/www/html/artisan(13): Illuminate\\Foundation\\Application->handleCommand(Object(Symfony\\Component\\Console\\Input\\ArgvInput))
#18 {main}
"} 
[2026-06-05 03:15:23] production.ERROR: Scheduled command ['/usr/local/bin/php' 'artisan' anonaddy:parse-postfix-mail-log] failed with exit code [1]. {"exception":"[object] (Exception(code: 0): Scheduled command ['/usr/local/bin/php' 'artisan' anonaddy:parse-postfix-mail-log] failed with exit code [1]. at /var/www/html/vendor/laravel/framework/src/Illuminate/Console/Scheduling/ScheduleRunCommand.php:215)
[stacktrace]
#0 /var/www/html/vendor/laravel/framework/src/Illuminate/Console/View/Components/Task.php(43): Illuminate\\Console\\Scheduling\\ScheduleRunCommand->Illuminate\\Console\\Scheduling\\{closure}()
#1 /var/www/html/vendor/laravel/framework/src/Illuminate/Console/View/Components/Factory.php(59): Illuminate\\Console\\View\\Components\\Task->render('<fg=gray>2026-0...', Object(Closure))
#2 /var/www/html/vendor/laravel/framework/src/Illuminate/Console/Scheduling/ScheduleRunCommand.php(199): Illuminate\\Console\\View\\Components\\Factory->__call('task', Array)
#3 /var/www/html/vendor/laravel/framework/src/Illuminate/Console/Scheduling/ScheduleRunCommand.php(142): Illuminate\\Console\\Scheduling\\ScheduleRunCommand->runEvent(Object(Illuminate\\Console\\Scheduling\\Event))
#4 /var/www/html/vendor/laravel/framework/src/Illuminate/Container/BoundMethod.php(36): Illuminate\\Console\\Scheduling\\ScheduleRunCommand->handle(Object(Illuminate\\Console\\Scheduling\\Schedule), Object(Illuminate\\Events\\Dispatcher), Object(Illuminate\\Cache\\Repository), Object(Illuminate\\Foundation\\Exceptions\\Handler))
#5 /var/www/html/vendor/laravel/framework/src/Illuminate/Container/Util.php(43): Illuminate\\Container\\BoundMethod::Illuminate\\Container\\{closure}()
#6 /var/www/html/vendor/laravel/framework/src/Illuminate/Container/BoundMethod.php(96): Illuminate\\Container\\Util::unwrapIfClosure(Object(Closure))
#7 /var/www/html/vendor/laravel/framework/src/Illuminate/Container/BoundMethod.php(35): Illuminate\\Container\\BoundMethod::callBoundMethod(Object(Illuminate\\Foundation\\Application), Array, Object(Closure))
#8 /var/www/html/vendor/laravel/framework/src/Illuminate/Container/Container.php(799): Illuminate\\Container\\BoundMethod::call(Object(Illuminate\\Foundation\\Application), Array, Array, NULL)
#9 /var/www/html/vendor/laravel/framework/src/Illuminate/Console/Command.php(280): Illuminate\\Container\\Container->call(Array)
#10 /var/www/html/vendor/symfony/console/Command/Command.php(341): Illuminate\\Console\\Command->execute(Object(Symfony\\Component\\Console\\Input\\ArgvInput), Object(Illuminate\\Console\\OutputStyle))
#11 /var/www/html/vendor/laravel/framework/src/Illuminate/Console/Command.php(249): Symfony\\Component\\Console\\Command\\Command->run(Object(Symfony\\Component\\Console\\Input\\ArgvInput), Object(Illuminate\\Console\\OutputStyle))
#12 /var/www/html/vendor/symfony/console/Application.php(1117): Illuminate\\Console\\Command->run(Object(Symfony\\Component\\Console\\Input\\ArgvInput), Object(Symfony\\Component\\Console\\Output\\ConsoleOutput))
#13 /var/www/html/vendor/symfony/console/Application.php(356): Symfony\\Component\\Console\\Application->doRunCommand(Object(Illuminate\\Console\\Scheduling\\ScheduleRunCommand), Object(Symfony\\Component\\Console\\Input\\ArgvInput), Object(Symfony\\Component\\Console\\Output\\ConsoleOutput))
#14 /var/www/html/vendor/symfony/console/Application.php(195): Symfony\\Component\\Console\\Application->doRun(Object(Symfony\\Component\\Console\\Input\\ArgvInput), Object(Symfony\\Component\\Console\\Output\\ConsoleOutput))
#15 /var/www/html/vendor/laravel/framework/src/Illuminate/Foundation/Console/Kernel.php(198): Symfony\\Component\\Console\\Application->run(Object(Symfony\\Component\\Console\\Input\\ArgvInput), Object(Symfony\\Component\\Console\\Output\\ConsoleOutput))
#16 /var/www/html/vendor/laravel/framework/src/Illuminate/Foundation/Application.php(1235): Illuminate\\Foundation\\Console\\Kernel->handle(Object(Symfony\\Component\\Console\\Input\\ArgvInput), Object(Symfony\\Component\\Console\\Output\\ConsoleOutput))
#17 /var/www/html/artisan(13): Illuminate\\Foundation\\Application->handleCommand(Object(Symfony\\Component\\Console\\Input\\ArgvInput))
#18 {main}
"} 
[2026-06-05 03:20:24] production.ERROR: Scheduled command ['/usr/local/bin/php' 'artisan' anonaddy:parse-postfix-mail-log] failed with exit code [1]. {"exception":"[object] (Exception(code: 0): Scheduled command ['/usr/local/bin/php' 'artisan' anonaddy:parse-postfix-mail-log] failed with exit code [1]. at /var/www/html/vendor/laravel/framework/src/Illuminate/Console/Scheduling/ScheduleRunCommand.php:215)
[stacktrace]
#0 /var/www/html/vendor/laravel/framework/src/Illuminate/Console/View/Components/Task.php(43): Illuminate\\Console\\Scheduling\\ScheduleRunCommand->Illuminate\\Console\\Scheduling\\{closure}()
#1 /var/www/html/vendor/laravel/framework/src/Illuminate/Console/View/Components/Factory.php(59): Illuminate\\Console\\View\\Components\\Task->render('<fg=gray>2026-0...', Object(Closure))
#2 /var/www/html/vendor/laravel/framework/src/Illuminate/Console/Scheduling/ScheduleRunCommand.php(199): Illuminate\\Console\\View\\Components\\Factory->__call('task', Array)
#3 /var/www/html/vendor/laravel/framework/src/Illuminate/Console/Scheduling/ScheduleRunCommand.php(142): Illuminate\\Console\\Scheduling\\ScheduleRunCommand->runEvent(Object(Illuminate\\Console\\Scheduling\\Event))
#4 /var/www/html/vendor/laravel/framework/src/Illuminate/Container/BoundMethod.php(36): Illuminate\\Console\\Scheduling\\ScheduleRunCommand->handle(Object(Illuminate\\Console\\Scheduling\\Schedule), Object(Illuminate\\Events\\Dispatcher), Object(Illuminate\\Cache\\Repository), Object(Illuminate\\Foundation\\Exceptions\\Handler))
#5 /var/www/html/vendor/laravel/framework/src/Illuminate/Container/Util.php(43): Illuminate\\Container\\BoundMethod::Illuminate\\Container\\{closure}()
#6 /var/www/html/vendor/laravel/framework/src/Illuminate/Container/BoundMethod.php(96): Illuminate\\Container\\Util::unwrapIfClosure(Object(Closure))
#7 /var/www/html/vendor/laravel/framework/src/Illuminate/Container/BoundMethod.php(35): Illuminate\\Container\\BoundMethod::callBoundMethod(Object(Illuminate\\Foundation\\Application), Array, Object(Closure))
#8 /var/www/html/vendor/laravel/framework/src/Illuminate/Container/Container.php(799): Illuminate\\Container\\BoundMethod::call(Object(Illuminate\\Foundation\\Application), Array, Array, NULL)
#9 /var/www/html/vendor/laravel/framework/src/Illuminate/Console/Command.php(280): Illuminate\\Container\\Container->call(Array)
#10 /var/www/html/vendor/symfony/console/Command/Command.php(341): Illuminate\\Console\\Command->execute(Object(Symfony\\Component\\Console\\Input\\ArgvInput), Object(Illuminate\\Console\\OutputStyle))
#11 /var/www/html/vendor/laravel/framework/src/Illuminate/Console/Command.php(249): Symfony\\Component\\Console\\Command\\Command->run(Object(Symfony\\Component\\Console\\Input\\ArgvInput), Object(Illuminate\\Console\\OutputStyle))
#12 /var/www/html/vendor/symfony/console/Application.php(1117): Illuminate\\Console\\Command->run(Object(Symfony\\Component\\Console\\Input\\ArgvInput), Object(Symfony\\Component\\Console\\Output\\ConsoleOutput))
#13 /var/www/html/vendor/symfony/console/Application.php(356): Symfony\\Component\\Console\\Application->doRunCommand(Object(Illuminate\\Console\\Scheduling\\ScheduleRunCommand), Object(Symfony\\Component\\Console\\Input\\ArgvInput), Object(Symfony\\Component\\Console\\Output\\ConsoleOutput))
#14 /var/www/html/vendor/symfony/console/Application.php(195): Symfony\\Component\\Console\\Application->doRun(Object(Symfony\\Component\\Console\\Input\\ArgvInput), Object(Symfony\\Component\\Console\\Output\\ConsoleOutput))
#15 /var/www/html/vendor/laravel/framework/src/Illuminate/Foundation/Console/Kernel.php(198): Symfony\\Component\\Console\\Application->run(Object(Symfony\\Component\\Console\\Input\\ArgvInput), Object(Symfony\\Component\\Console\\Output\\ConsoleOutput))
#16 /var/www/html/vendor/laravel/framework/src/Illuminate/Foundation/Application.php(1235): Illuminate\\Foundation\\Console\\Kernel->handle(Object(Symfony\\Component\\Console\\Input\\ArgvInput), Object(Symfony\\Component\\Console\\Output\\ConsoleOutput))
#17 /var/www/html/artisan(13): Illuminate\\Foundation\\Application->handleCommand(Object(Symfony\\Component\\Console\\Input\\ArgvInput))
#18 {main}
"} 
[2026-06-05 03:25:24] production.ERROR: Scheduled command ['/usr/local/bin/php' 'artisan' anonaddy:parse-postfix-mail-log] failed with exit code [1]. {"exception":"[object] (Exception(code: 0): Scheduled command ['/usr/local/bin/php' 'artisan' anonaddy:parse-postfix-mail-log] failed with exit code [1]. at /var/www/html/vendor/laravel/framework/src/Illuminate/Console/Scheduling/ScheduleRunCommand.php:215)
[stacktrace]
#0 /var/www/html/vendor/laravel/framework/src/Illuminate/Console/View/Components/Task.php(43): Illuminate\\Console\\Scheduling\\ScheduleRunCommand->Illuminate\\Console\\Scheduling\\{closure}()
#1 /var/www/html/vendor/laravel/framework/src/Illuminate/Console/View/Components/Factory.php(59): Illuminate\\Console\\View\\Components\\Task->render('<fg=gray>2026-0...', Object(Closure))
#2 /var/www/html/vendor/laravel/framework/src/Illuminate/Console/Scheduling/ScheduleRunCommand.php(199): Illuminate\\Console\\View\\Components\\Factory->__call('task', Array)
#3 /var/www/html/vendor/laravel/framework/src/Illuminate/Console/Scheduling/ScheduleRunCommand.php(142): Illuminate\\Console\\Scheduling\\ScheduleRunCommand->runEvent(Object(Illuminate\\Console\\Scheduling\\Event))
#4 /var/www/html/vendor/laravel/framework/src/Illuminate/Container/BoundMethod.php(36): Illuminate\\Console\\Scheduling\\ScheduleRunCommand->handle(Object(Illuminate\\Console\\Scheduling\\Schedule), Object(Illuminate\\Events\\Dispatcher), Object(Illuminate\\Cache\\Repository), Object(Illuminate\\Foundation\\Exceptions\\Handler))
#5 /var/www/html/vendor/laravel/framework/src/Illuminate/Container/Util.php(43): Illuminate\\Container\\BoundMethod::Illuminate\\Container\\{closure}()
#6 /var/www/html/vendor/laravel/framework/src/Illuminate/Container/BoundMethod.php(96): Illuminate\\Container\\Util::unwrapIfClosure(Object(Closure))
#7 /var/www/html/vendor/laravel/framework/src/Illuminate/Container/BoundMethod.php(35): Illuminate\\Container\\BoundMethod::callBoundMethod(Object(Illuminate\\Foundation\\Application), Array, Object(Closure))
#8 /var/www/html/vendor/laravel/framework/src/Illuminate/Container/Container.php(799): Illuminate\\Container\\BoundMethod::call(Object(Illuminate\\Foundation\\Application), Array, Array, NULL)
#9 /var/www/html/vendor/laravel/framework/src/Illuminate/Console/Command.php(280): Illuminate\\Container\\Container->call(Array)
#10 /var/www/html/vendor/symfony/console/Command/Command.php(341): Illuminate\\Console\\Command->execute(Object(Symfony\\Component\\Console\\Input\\ArgvInput), Object(Illuminate\\Console\\OutputStyle))
#11 /var/www/html/vendor/laravel/framework/src/Illuminate/Console/Command.php(249): Symfony\\Component\\Console\\Command\\Command->run(Object(Symfony\\Component\\Console\\Input\\ArgvInput), Object(Illuminate\\Console\\OutputStyle))
#12 /var/www/html/vendor/symfony/console/Application.php(1117): Illuminate\\Console\\Command->run(Object(Symfony\\Component\\Console\\Input\\ArgvInput), Object(Symfony\\Component\\Console\\Output\\ConsoleOutput))
#13 /var/www/html/vendor/symfony/console/Application.php(356): Symfony\\Component\\Console\\Application->doRunCommand(Object(Illuminate\\Console\\Scheduling\\ScheduleRunCommand), Object(Symfony\\Component\\Console\\Input\\ArgvInput), Object(Symfony\\Component\\Console\\Output\\ConsoleOutput))
#14 /var/www/html/vendor/symfony/console/Application.php(195): Symfony\\Component\\Console\\Application->doRun(Object(Symfony\\Component\\Console\\Input\\ArgvInput), Object(Symfony\\Component\\Console\\Output\\ConsoleOutput))
#15 /var/www/html/vendor/laravel/framework/src/Illuminate/Foundation/Console/Kernel.php(198): Symfony\\Component\\Console\\Application->run(Object(Symfony\\Component\\Console\\Input\\ArgvInput), Object(Symfony\\Component\\Console\\Output\\ConsoleOutput))
#16 /var/www/html/vendor/laravel/framework/src/Illuminate/Foundation/Application.php(1235): Illuminate\\Foundation\\Console\\Kernel->handle(Object(Symfony\\Component\\Console\\Input\\ArgvInput), Object(Symfony\\Component\\Console\\Output\\ConsoleOutput))
#17 /var/www/html/artisan(13): Illuminate\\Foundation\\Application->handleCommand(Object(Symfony\\Component\\Console\\Input\\ArgvInput))
#18 {main}
"} 
[2026-06-05 03:30:24] production.ERROR: Scheduled command ['/usr/local/bin/php' 'artisan' anonaddy:parse-postfix-mail-log] failed with exit code [1]. {"exception":"[object] (Exception(code: 0): Scheduled command ['/usr/local/bin/php' 'artisan' anonaddy:parse-postfix-mail-log] failed with exit code [1]. at /var/www/html/vendor/laravel/framework/src/Illuminate/Console/Scheduling/ScheduleRunCommand.php:215)
[stacktrace]
#0 /var/www/html/vendor/laravel/framework/src/Illuminate/Console/View/Components/Task.php(43): Illuminate\\Console\\Scheduling\\ScheduleRunCommand->Illuminate\\Console\\Scheduling\\{closure}()
#1 /var/www/html/vendor/laravel/framework/src/Illuminate/Console/View/Components/Factory.php(59): Illuminate\\Console\\View\\Components\\Task->render('<fg=gray>2026-0...', Object(Closure))
#2 /var/www/html/vendor/laravel/framework/src/Illuminate/Console/Scheduling/ScheduleRunCommand.php(199): Illuminate\\Console\\View\\Components\\Factory->__call('task', Array)
#3 /var/www/html/vendor/laravel/framework/src/Illuminate/Console/Scheduling/ScheduleRunCommand.php(142): Illuminate\\Console\\Scheduling\\ScheduleRunCommand->runEvent(Object(Illuminate\\Console\\Scheduling\\Event))
#4 /var/www/html/vendor/laravel/framework/src/Illuminate/Container/BoundMethod.php(36): Illuminate\\Console\\Scheduling\\ScheduleRunCommand->handle(Object(Illuminate\\Console\\Scheduling\\Schedule), Object(Illuminate\\Events\\Dispatcher), Object(Illuminate\\Cache\\Repository), Object(Illuminate\\Foundation\\Exceptions\\Handler))
#5 /var/www/html/vendor/laravel/framework/src/Illuminate/Container/Util.php(43): Illuminate\\Container\\BoundMethod::Illuminate\\Container\\{closure}()
#6 /var/www/html/vendor/laravel/framework/src/Illuminate/Container/BoundMethod.php(96): Illuminate\\Container\\Util::unwrapIfClosure(Object(Closure))
#7 /var/www/html/vendor/laravel/framework/src/Illuminate/Container/BoundMethod.php(35): Illuminate\\Container\\BoundMethod::callBoundMethod(Object(Illuminate\\Foundation\\Application), Array, Object(Closure))
#8 /var/www/html/vendor/laravel/framework/src/Illuminate/Container/Container.php(799): Illuminate\\Container\\BoundMethod::call(Object(Illuminate\\Foundation\\Application), Array, Array, NULL)
#9 /var/www/html/vendor/laravel/framework/src/Illuminate/Console/Command.php(280): Illuminate\\Container\\Container->call(Array)
#10 /var/www/html/vendor/symfony/console/Command/Command.php(341): Illuminate\\Console\\Command->execute(Object(Symfony\\Component\\Console\\Input\\ArgvInput), Object(Illuminate\\Console\\OutputStyle))
#11 /var/www/html/vendor/laravel/framework/src/Illuminate/Console/Command.php(249): Symfony\\Component\\Console\\Command\\Command->run(Object(Symfony\\Component\\Console\\Input\\ArgvInput), Object(Illuminate\\Console\\OutputStyle))
#12 /var/www/html/vendor/symfony/console/Application.php(1117): Illuminate\\Console\\Command->run(Object(Symfony\\Component\\Console\\Input\\ArgvInput), Object(Symfony\\Component\\Console\\Output\\ConsoleOutput))
#13 /var/www/html/vendor/symfony/console/Application.php(356): Symfony\\Component\\Console\\Application->doRunCommand(Object(Illuminate\\Console\\Scheduling\\ScheduleRunCommand), Object(Symfony\\Component\\Console\\Input\\ArgvInput), Object(Symfony\\Component\\Console\\Output\\ConsoleOutput))
#14 /var/www/html/vendor/symfony/console/Application.php(195): Symfony\\Component\\Console\\Application->doRun(Object(Symfony\\Component\\Console\\Input\\ArgvInput), Object(Symfony\\Component\\Console\\Output\\ConsoleOutput))
#15 /var/www/html/vendor/laravel/framework/src/Illuminate/Foundation/Console/Kernel.php(198): Symfony\\Component\\Console\\Application->run(Object(Symfony\\Component\\Console\\Input\\ArgvInput), Object(Symfony\\Component\\Console\\Output\\ConsoleOutput))
#16 /var/www/html/vendor/laravel/framework/src/Illuminate/Foundation/Application.php(1235): Illuminate\\Foundation\\Console\\Kernel->handle(Object(Symfony\\Component\\Console\\Input\\ArgvInput), Object(Symfony\\Component\\Console\\Output\\ConsoleOutput))
#17 /var/www/html/artisan(13): Illuminate\\Foundation\\Application->handleCommand(Object(Symfony\\Component\\Console\\Input\\ArgvInput))
#18 {main}
"} 
[2026-06-05 03:35:24] production.ERROR: Scheduled command ['/usr/local/bin/php' 'artisan' anonaddy:parse-postfix-mail-log] failed with exit code [1]. {"exception":"[object] (Exception(code: 0): Scheduled command ['/usr/local/bin/php' 'artisan' anonaddy:parse-postfix-mail-log] failed with exit code [1]. at /var/www/html/vendor/laravel/framework/src/Illuminate/Console/Scheduling/ScheduleRunCommand.php:215)
[stacktrace]
#0 /var/www/html/vendor/laravel/framework/src/Illuminate/Console/View/Components/Task.php(43): Illuminate\\Console\\Scheduling\\ScheduleRunCommand->Illuminate\\Console\\Scheduling\\{closure}()
#1 /var/www/html/vendor/laravel/framework/src/Illuminate/Console/View/Components/Factory.php(59): Illuminate\\Console\\View\\Components\\Task->render('<fg=gray>2026-0...', Object(Closure))
#2 /var/www/html/vendor/laravel/framework/src/Illuminate/Console/Scheduling/ScheduleRunCommand.php(199): Illuminate\\Console\\View\\Components\\Factory->__call('task', Array)
#3 /var/www/html/vendor/laravel/framework/src/Illuminate/Console/Scheduling/ScheduleRunCommand.php(142): Illuminate\\Console\\Scheduling\\ScheduleRunCommand->runEvent(Object(Illuminate\\Console\\Scheduling\\Event))
#4 /var/www/html/vendor/laravel/framework/src/Illuminate/Container/BoundMethod.php(36): Illuminate\\Console\\Scheduling\\ScheduleRunCommand->handle(Object(Illuminate\\Console\\Scheduling\\Schedule), Object(Illuminate\\Events\\Dispatcher), Object(Illuminate\\Cache\\Repository), Object(Illuminate\\Foundation\\Exceptions\\Handler))
#5 /var/www/html/vendor/laravel/framework/src/Illuminate/Container/Util.php(43): Illuminate\\Container\\BoundMethod::Illuminate\\Container\\{closure}()
#6 /var/www/html/vendor/laravel/framework/src/Illuminate/Container/BoundMethod.php(96): Illuminate\\Container\\Util::unwrapIfClosure(Object(Closure))
#7 /var/www/html/vendor/laravel/framework/src/Illuminate/Container/BoundMethod.php(35): Illuminate\\Container\\BoundMethod::callBoundMethod(Object(Illuminate\\Foundation\\Application), Array, Object(Closure))
#8 /var/www/html/vendor/laravel/framework/src/Illuminate/Container/Container.php(799): Illuminate\\Container\\BoundMethod::call(Object(Illuminate\\Foundation\\Application), Array, Array, NULL)
#9 /var/www/html/vendor/laravel/framework/src/Illuminate/Console/Command.php(280): Illuminate\\Container\\Container->call(Array)
#10 /var/www/html/vendor/symfony/console/Command/Command.php(341): Illuminate\\Console\\Command->execute(Object(Symfony\\Component\\Console\\Input\\ArgvInput), Object(Illuminate\\Console\\OutputStyle))
#11 /var/www/html/vendor/laravel/framework/src/Illuminate/Console/Command.php(249): Symfony\\Component\\Console\\Command\\Command->run(Object(Symfony\\Component\\Console\\Input\\ArgvInput), Object(Illuminate\\Console\\OutputStyle))
#12 /var/www/html/vendor/symfony/console/Application.php(1117): Illuminate\\Console\\Command->run(Object(Symfony\\Component\\Console\\Input\\ArgvInput), Object(Symfony\\Component\\Console\\Output\\ConsoleOutput))
#13 /var/www/html/vendor/symfony/console/Application.php(356): Symfony\\Component\\Console\\Application->doRunCommand(Object(Illuminate\\Console\\Scheduling\\ScheduleRunCommand), Object(Symfony\\Component\\Console\\Input\\ArgvInput), Object(Symfony\\Component\\Console\\Output\\ConsoleOutput))
#14 /var/www/html/vendor/symfony/console/Application.php(195): Symfony\\Component\\Console\\Application->doRun(Object(Symfony\\Component\\Console\\Input\\ArgvInput), Object(Symfony\\Component\\Console\\Output\\ConsoleOutput))
#15 /var/www/html/vendor/laravel/framework/src/Illuminate/Foundation/Console/Kernel.php(198): Symfony\\Component\\Console\\Application->run(Object(Symfony\\Component\\Console\\Input\\ArgvInput), Object(Symfony\\Component\\Console\\Output\\ConsoleOutput))
#16 /var/www/html/vendor/laravel/framework/src/Illuminate/Foundation/Application.php(1235): Illuminate\\Foundation\\Console\\Kernel->handle(Object(Symfony\\Component\\Console\\Input\\ArgvInput), Object(Symfony\\Component\\Console\\Output\\ConsoleOutput))
#17 /var/www/html/artisan(13): Illuminate\\Foundation\\Application->handleCommand(Object(Symfony\\Component\\Console\\Input\\ArgvInput))
#18 {main}
"} 
[2026-06-05 03:40:25] production.ERROR: Scheduled command ['/usr/local/bin/php' 'artisan' anonaddy:parse-postfix-mail-log] failed with exit code [1]. {"exception":"[object] (Exception(code: 0): Scheduled command ['/usr/local/bin/php' 'artisan' anonaddy:parse-postfix-mail-log] failed with exit code [1]. at /var/www/html/vendor/laravel/framework/src/Illuminate/Console/Scheduling/ScheduleRunCommand.php:215)
[stacktrace]
#0 /var/www/html/vendor/laravel/framework/src/Illuminate/Console/View/Components/Task.php(43): Illuminate\\Console\\Scheduling\\ScheduleRunCommand->Illuminate\\Console\\Scheduling\\{closure}()
#1 /var/www/html/vendor/laravel/framework/src/Illuminate/Console/View/Components/Factory.php(59): Illuminate\\Console\\View\\Components\\Task->render('<fg=gray>2026-0...', Object(Closure))
#2 /var/www/html/vendor/laravel/framework/src/Illuminate/Console/Scheduling/ScheduleRunCommand.php(199): Illuminate\\Console\\View\\Components\\Factory->__call('task', Array)
#3 /var/www/html/vendor/laravel/framework/src/Illuminate/Console/Scheduling/ScheduleRunCommand.php(142): Illuminate\\Console\\Scheduling\\ScheduleRunCommand->runEvent(Object(Illuminate\\Console\\Scheduling\\Event))
#4 /var/www/html/vendor/laravel/framework/src/Illuminate/Container/BoundMethod.php(36): Illuminate\\Console\\Scheduling\\ScheduleRunCommand->handle(Object(Illuminate\\Console\\Scheduling\\Schedule), Object(Illuminate\\Events\\Dispatcher), Object(Illuminate\\Cache\\Repository), Object(Illuminate\\Foundation\\Exceptions\\Handler))
#5 /var/www/html/vendor/laravel/framework/src/Illuminate/Container/Util.php(43): Illuminate\\Container\\BoundMethod::Illuminate\\Container\\{closure}()
#6 /var/www/html/vendor/laravel/framework/src/Illuminate/Container/BoundMethod.php(96): Illuminate\\Container\\Util::unwrapIfClosure(Object(Closure))
#7 /var/www/html/vendor/laravel/framework/src/Illuminate/Container/BoundMethod.php(35): Illuminate\\Container\\BoundMethod::callBoundMethod(Object(Illuminate\\Foundation\\Application), Array, Object(Closure))
#8 /var/www/html/vendor/laravel/framework/src/Illuminate/Container/Container.php(799): Illuminate\\Container\\BoundMethod::call(Object(Illuminate\\Foundation\\Application), Array, Array, NULL)
#9 /var/www/html/vendor/laravel/framework/src/Illuminate/Console/Command.php(280): Illuminate\\Container\\Container->call(Array)
#10 /var/www/html/vendor/symfony/console/Command/Command.php(341): Illuminate\\Console\\Command->execute(Object(Symfony\\Component\\Console\\Input\\ArgvInput), Object(Illuminate\\Console\\OutputStyle))
#11 /var/www/html/vendor/laravel/framework/src/Illuminate/Console/Command.php(249): Symfony\\Component\\Console\\Command\\Command->run(Object(Symfony\\Component\\Console\\Input\\ArgvInput), Object(Illuminate\\Console\\OutputStyle))
#12 /var/www/html/vendor/symfony/console/Application.php(1117): Illuminate\\Console\\Command->run(Object(Symfony\\Component\\Console\\Input\\ArgvInput), Object(Symfony\\Component\\Console\\Output\\ConsoleOutput))
#13 /var/www/html/vendor/symfony/console/Application.php(356): Symfony\\Component\\Console\\Application->doRunCommand(Object(Illuminate\\Console\\Scheduling\\ScheduleRunCommand), Object(Symfony\\Component\\Console\\Input\\ArgvInput), Object(Symfony\\Component\\Console\\Output\\ConsoleOutput))
#14 /var/www/html/vendor/symfony/console/Application.php(195): Symfony\\Component\\Console\\Application->doRun(Object(Symfony\\Component\\Console\\Input\\ArgvInput), Object(Symfony\\Component\\Console\\Output\\ConsoleOutput))
#15 /var/www/html/vendor/laravel/framework/src/Illuminate/Foundation/Console/Kernel.php(198): Symfony\\Component\\Console\\Application->run(Object(Symfony\\Component\\Console\\Input\\ArgvInput), Object(Symfony\\Component\\Console\\Output\\ConsoleOutput))
#16 /var/www/html/vendor/laravel/framework/src/Illuminate/Foundation/Application.php(1235): Illuminate\\Foundation\\Console\\Kernel->handle(Object(Symfony\\Component\\Console\\Input\\ArgvInput), Object(Symfony\\Component\\Console\\Output\\ConsoleOutput))
#17 /var/www/html/artisan(13): Illuminate\\Foundation\\Application->handleCommand(Object(Symfony\\Component\\Console\\Input\\ArgvInput))
#18 {main}
"} 
[2026-06-05 03:45:24] production.ERROR: Scheduled command ['/usr/local/bin/php' 'artisan' anonaddy:parse-postfix-mail-log] failed with exit code [1]. {"exception":"[object] (Exception(code: 0): Scheduled command ['/usr/local/bin/php' 'artisan' anonaddy:parse-postfix-mail-log] failed with exit code [1]. at /var/www/html/vendor/laravel/framework/src/Illuminate/Console/Scheduling/ScheduleRunCommand.php:215)
[stacktrace]
#0 /var/www/html/vendor/laravel/framework/src/Illuminate/Console/View/Components/Task.php(43): Illuminate\\Console\\Scheduling\\ScheduleRunCommand->Illuminate\\Console\\Scheduling\\{closure}()
#1 /var/www/html/vendor/laravel/framework/src/Illuminate/Console/View/Components/Factory.php(59): Illuminate\\Console\\View\\Components\\Task->render('<fg=gray>2026-0...', Object(Closure))
#2 /var/www/html/vendor/laravel/framework/src/Illuminate/Console/Scheduling/ScheduleRunCommand.php(199): Illuminate\\Console\\View\\Components\\Factory->__call('task', Array)
#3 /var/www/html/vendor/laravel/framework/src/Illuminate/Console/Scheduling/ScheduleRunCommand.php(142): Illuminate\\Console\\Scheduling\\ScheduleRunCommand->runEvent(Object(Illuminate\\Console\\Scheduling\\Event))
#4 /var/www/html/vendor/laravel/framework/src/Illuminate/Container/BoundMethod.php(36): Illuminate\\Console\\Scheduling\\ScheduleRunCommand->handle(Object(Illuminate\\Console\\Scheduling\\Schedule), Object(Illuminate\\Events\\Dispatcher), Object(Illuminate\\Cache\\Repository), Object(Illuminate\\Foundation\\Exceptions\\Handler))
#5 /var/www/html/vendor/laravel/framework/src/Illuminate/Container/Util.php(43): Illuminate\\Container\\BoundMethod::Illuminate\\Container\\{closure}()
#6 /var/www/html/vendor/laravel/framework/src/Illuminate/Container/BoundMethod.php(96): Illuminate\\Container\\Util::unwrapIfClosure(Object(Closure))
#7 /var/www/html/vendor/laravel/framework/src/Illuminate/Container/BoundMethod.php(35): Illuminate\\Container\\BoundMethod::callBoundMethod(Object(Illuminate\\Foundation\\Application), Array, Object(Closure))
#8 /var/www/html/vendor/laravel/framework/src/Illuminate/Container/Container.php(799): Illuminate\\Container\\BoundMethod::call(Object(Illuminate\\Foundation\\Application), Array, Array, NULL)
#9 /var/www/html/vendor/laravel/framework/src/Illuminate/Console/Command.php(280): Illuminate\\Container\\Container->call(Array)
#10 /var/www/html/vendor/symfony/console/Command/Command.php(341): Illuminate\\Console\\Command->execute(Object(Symfony\\Component\\Console\\Input\\ArgvInput), Object(Illuminate\\Console\\OutputStyle))
#11 /var/www/html/vendor/laravel/framework/src/Illuminate/Console/Command.php(249): Symfony\\Component\\Console\\Command\\Command->run(Object(Symfony\\Component\\Console\\Input\\ArgvInput), Object(Illuminate\\Console\\OutputStyle))
#12 /var/www/html/vendor/symfony/console/Application.php(1117): Illuminate\\Console\\Command->run(Object(Symfony\\Component\\Console\\Input\\ArgvInput), Object(Symfony\\Component\\Console\\Output\\ConsoleOutput))
#13 /var/www/html/vendor/symfony/console/Application.php(356): Symfony\\Component\\Console\\Application->doRunCommand(Object(Illuminate\\Console\\Scheduling\\ScheduleRunCommand), Object(Symfony\\Component\\Console\\Input\\ArgvInput), Object(Symfony\\Component\\Console\\Output\\ConsoleOutput))
#14 /var/www/html/vendor/symfony/console/Application.php(195): Symfony\\Component\\Console\\Application->doRun(Object(Symfony\\Component\\Console\\Input\\ArgvInput), Object(Symfony\\Component\\Console\\Output\\ConsoleOutput))
#15 /var/www/html/vendor/laravel/framework/src/Illuminate/Foundation/Console/Kernel.php(198): Symfony\\Component\\Console\\Application->run(Object(Symfony\\Component\\Console\\Input\\ArgvInput), Object(Symfony\\Component\\Console\\Output\\ConsoleOutput))
#16 /var/www/html/vendor/laravel/framework/src/Illuminate/Foundation/Application.php(1235): Illuminate\\Foundation\\Console\\Kernel->handle(Object(Symfony\\Component\\Console\\Input\\ArgvInput), Object(Symfony\\Component\\Console\\Output\\ConsoleOutput))
#17 /var/www/html/artisan(13): Illuminate\\Foundation\\Application->handleCommand(Object(Symfony\\Component\\Console\\Input\\ArgvInput))
#18 {main}
"} 
[2026-06-05 03:50:25] production.ERROR: Scheduled command ['/usr/local/bin/php' 'artisan' anonaddy:parse-postfix-mail-log] failed with exit code [1]. {"exception":"[object] (Exception(code: 0): Scheduled command ['/usr/local/bin/php' 'artisan' anonaddy:parse-postfix-mail-log] failed with exit code [1]. at /var/www/html/vendor/laravel/framework/src/Illuminate/Console/Scheduling/ScheduleRunCommand.php:215)
[stacktrace]
#0 /var/www/html/vendor/laravel/framework/src/Illuminate/Console/View/Components/Task.php(43): Illuminate\\Console\\Scheduling\\ScheduleRunCommand->Illuminate\\Console\\Scheduling\\{closure}()
#1 /var/www/html/vendor/laravel/framework/src/Illuminate/Console/View/Components/Factory.php(59): Illuminate\\Console\\View\\Components\\Task->render('<fg=gray>2026-0...', Object(Closure))
#2 /var/www/html/vendor/laravel/framework/src/Illuminate/Console/Scheduling/ScheduleRunCommand.php(199): Illuminate\\Console\\View\\Components\\Factory->__call('task', Array)
#3 /var/www/html/vendor/laravel/framework/src/Illuminate/Console/Scheduling/ScheduleRunCommand.php(142): Illuminate\\Console\\Scheduling\\ScheduleRunCommand->runEvent(Object(Illuminate\\Console\\Scheduling\\Event))
#4 /var/www/html/vendor/laravel/framework/src/Illuminate/Container/BoundMethod.php(36): Illuminate\\Console\\Scheduling\\ScheduleRunCommand->handle(Object(Illuminate\\Console\\Scheduling\\Schedule), Object(Illuminate\\Events\\Dispatcher), Object(Illuminate\\Cache\\Repository), Object(Illuminate\\Foundation\\Exceptions\\Handler))
#5 /var/www/html/vendor/laravel/framework/src/Illuminate/Container/Util.php(43): Illuminate\\Container\\BoundMethod::Illuminate\\Container\\{closure}()
#6 /var/www/html/vendor/laravel/framework/src/Illuminate/Container/BoundMethod.php(96): Illuminate\\Container\\Util::unwrapIfClosure(Object(Closure))
#7 /var/www/html/vendor/laravel/framework/src/Illuminate/Container/BoundMethod.php(35): Illuminate\\Container\\BoundMethod::callBoundMethod(Object(Illuminate\\Foundation\\Application), Array, Object(Closure))
#8 /var/www/html/vendor/laravel/framework/src/Illuminate/Container/Container.php(799): Illuminate\\Container\\BoundMethod::call(Object(Illuminate\\Foundation\\Application), Array, Array, NULL)
#9 /var/www/html/vendor/laravel/framework/src/Illuminate/Console/Command.php(280): Illuminate\\Container\\Container->call(Array)
#10 /var/www/html/vendor/symfony/console/Command/Command.php(341): Illuminate\\Console\\Command->execute(Object(Symfony\\Component\\Console\\Input\\ArgvInput), Object(Illuminate\\Console\\OutputStyle))
#11 /var/www/html/vendor/laravel/framework/src/Illuminate/Console/Command.php(249): Symfony\\Component\\Console\\Command\\Command->run(Object(Symfony\\Component\\Console\\Input\\ArgvInput), Object(Illuminate\\Console\\OutputStyle))
#12 /var/www/html/vendor/symfony/console/Application.php(1117): Illuminate\\Console\\Command->run(Object(Symfony\\Component\\Console\\Input\\ArgvInput), Object(Symfony\\Component\\Console\\Output\\ConsoleOutput))
#13 /var/www/html/vendor/symfony/console/Application.php(356): Symfony\\Component\\Console\\Application->doRunCommand(Object(Illuminate\\Console\\Scheduling\\ScheduleRunCommand), Object(Symfony\\Component\\Console\\Input\\ArgvInput), Object(Symfony\\Component\\Console\\Output\\ConsoleOutput))
#14 /var/www/html/vendor/symfony/console/Application.php(195): Symfony\\Component\\Console\\Application->doRun(Object(Symfony\\Component\\Console\\Input\\ArgvInput), Object(Symfony\\Component\\Console\\Output\\ConsoleOutput))
#15 /var/www/html/vendor/laravel/framework/src/Illuminate/Foundation/Console/Kernel.php(198): Symfony\\Component\\Console\\Application->run(Object(Symfony\\Component\\Console\\Input\\ArgvInput), Object(Symfony\\Component\\Console\\Output\\ConsoleOutput))
#16 /var/www/html/vendor/laravel/framework/src/Illuminate/Foundation/Application.php(1235): Illuminate\\Foundation\\Console\\Kernel->handle(Object(Symfony\\Component\\Console\\Input\\ArgvInput), Object(Symfony\\Component\\Console\\Output\\ConsoleOutput))
#17 /var/www/html/artisan(13): Illuminate\\Foundation\\Application->handleCommand(Object(Symfony\\Component\\Console\\Input\\ArgvInput))
#18 {main}
"} 
[2026-06-05 03:55:27] production.ERROR: Scheduled command ['/usr/local/bin/php' 'artisan' anonaddy:parse-postfix-mail-log] failed with exit code [1]. {"exception":"[object] (Exception(code: 0): Scheduled command ['/usr/local/bin/php' 'artisan' anonaddy:parse-postfix-mail-log] failed with exit code [1]. at /var/www/html/vendor/laravel/framework/src/Illuminate/Console/Scheduling/ScheduleRunCommand.php:215)
[stacktrace]
#0 /var/www/html/vendor/laravel/framework/src/Illuminate/Console/View/Components/Task.php(43): Illuminate\\Console\\Scheduling\\ScheduleRunCommand->Illuminate\\Console\\Scheduling\\{closure}()
#1 /var/www/html/vendor/laravel/framework/src/Illuminate/Console/View/Components/Factory.php(59): Illuminate\\Console\\View\\Components\\Task->render('<fg=gray>2026-0...', Object(Closure))
#2 /var/www/html/vendor/laravel/framework/src/Illuminate/Console/Scheduling/ScheduleRunCommand.php(199): Illuminate\\Console\\View\\Components\\Factory->__call('task', Array)
#3 /var/www/html/vendor/laravel/framework/src/Illuminate/Console/Scheduling/ScheduleRunCommand.php(142): Illuminate\\Console\\Scheduling\\ScheduleRunCommand->runEvent(Object(Illuminate\\Console\\Scheduling\\Event))
#4 /var/www/html/vendor/laravel/framework/src/Illuminate/Container/BoundMethod.php(36): Illuminate\\Console\\Scheduling\\ScheduleRunCommand->handle(Object(Illuminate\\Console\\Scheduling\\Schedule), Object(Illuminate\\Events\\Dispatcher), Object(Illuminate\\Cache\\Repository), Object(Illuminate\\Foundation\\Exceptions\\Handler))
#5 /var/www/html/vendor/laravel/framework/src/Illuminate/Container/Util.php(43): Illuminate\\Container\\BoundMethod::Illuminate\\Container\\{closure}()
#6 /var/www/html/vendor/laravel/framework/src/Illuminate/Container/BoundMethod.php(96): Illuminate\\Container\\Util::unwrapIfClosure(Object(Closure))
#7 /var/www/html/vendor/laravel/framework/src/Illuminate/Container/BoundMethod.php(35): Illuminate\\Container\\BoundMethod::callBoundMethod(Object(Illuminate\\Foundation\\Application), Array, Object(Closure))
#8 /var/www/html/vendor/laravel/framework/src/Illuminate/Container/Container.php(799): Illuminate\\Container\\BoundMethod::call(Object(Illuminate\\Foundation\\Application), Array, Array, NULL)
#9 /var/www/html/vendor/laravel/framework/src/Illuminate/Console/Command.php(280): Illuminate\\Container\\Container->call(Array)
#10 /var/www/html/vendor/symfony/console/Command/Command.php(341): Illuminate\\Console\\Command->execute(Object(Symfony\\Component\\Console\\Input\\ArgvInput), Object(Illuminate\\Console\\OutputStyle))
#11 /var/www/html/vendor/laravel/framework/src/Illuminate/Console/Command.php(249): Symfony\\Component\\Console\\Command\\Command->run(Object(Symfony\\Component\\Console\\Input\\ArgvInput), Object(Illuminate\\Console\\OutputStyle))
#12 /var/www/html/vendor/symfony/console/Application.php(1117): Illuminate\\Console\\Command->run(Object(Symfony\\Component\\Console\\Input\\ArgvInput), Object(Symfony\\Component\\Console\\Output\\ConsoleOutput))
#13 /var/www/html/vendor/symfony/console/Application.php(356): Symfony\\Component\\Console\\Application->doRunCommand(Object(Illuminate\\Console\\Scheduling\\ScheduleRunCommand), Object(Symfony\\Component\\Console\\Input\\ArgvInput), Object(Symfony\\Component\\Console\\Output\\ConsoleOutput))
#14 /var/www/html/vendor/symfony/console/Application.php(195): Symfony\\Component\\Console\\Application->doRun(Object(Symfony\\Component\\Console\\Input\\ArgvInput), Object(Symfony\\Component\\Console\\Output\\ConsoleOutput))
#15 /var/www/html/vendor/laravel/framework/src/Illuminate/Foundation/Console/Kernel.php(198): Symfony\\Component\\Console\\Application->run(Object(Symfony\\Component\\Console\\Input\\ArgvInput), Object(Symfony\\Component\\Console\\Output\\ConsoleOutput))
#16 /var/www/html/vendor/laravel/framework/src/Illuminate/Foundation/Application.php(1235): Illuminate\\Foundation\\Console\\Kernel->handle(Object(Symfony\\Component\\Console\\Input\\ArgvInput), Object(Symfony\\Component\\Console\\Output\\ConsoleOutput))
#17 /var/www/html/artisan(13): Illuminate\\Foundation\\Application->handleCommand(Object(Symfony\\Component\\Console\\Input\\ArgvInput))
#18 {main}
"} 
[2026-06-05 04:00:25] production.ERROR: Scheduled command ['/usr/local/bin/php' 'artisan' anonaddy:parse-postfix-mail-log] failed with exit code [1]. {"exception":"[object] (Exception(code: 0): Scheduled command ['/usr/local/bin/php' 'artisan' anonaddy:parse-postfix-mail-log] failed with exit code [1]. at /var/www/html/vendor/laravel/framework/src/Illuminate/Console/Scheduling/ScheduleRunCommand.php:215)
[stacktrace]
#0 /var/www/html/vendor/laravel/framework/src/Illuminate/Console/View/Components/Task.php(43): Illuminate\\Console\\Scheduling\\ScheduleRunCommand->Illuminate\\Console\\Scheduling\\{closure}()
#1 /var/www/html/vendor/laravel/framework/src/Illuminate/Console/View/Components/Factory.php(59): Illuminate\\Console\\View\\Components\\Task->render('<fg=gray>2026-0...', Object(Closure))
#2 /var/www/html/vendor/laravel/framework/src/Illuminate/Console/Scheduling/ScheduleRunCommand.php(199): Illuminate\\Console\\View\\Components\\Factory->__call('task', Array)
#3 /var/www/html/vendor/laravel/framework/src/Illuminate/Console/Scheduling/ScheduleRunCommand.php(142): Illuminate\\Console\\Scheduling\\ScheduleRunCommand->runEvent(Object(Illuminate\\Console\\Scheduling\\Event))
#4 /var/www/html/vendor/laravel/framework/src/Illuminate/Container/BoundMethod.php(36): Illuminate\\Console\\Scheduling\\ScheduleRunCommand->handle(Object(Illuminate\\Console\\Scheduling\\Schedule), Object(Illuminate\\Events\\Dispatcher), Object(Illuminate\\Cache\\Repository), Object(Illuminate\\Foundation\\Exceptions\\Handler))
#5 /var/www/html/vendor/laravel/framework/src/Illuminate/Container/Util.php(43): Illuminate\\Container\\BoundMethod::Illuminate\\Container\\{closure}()
#6 /var/www/html/vendor/laravel/framework/src/Illuminate/Container/BoundMethod.php(96): Illuminate\\Container\\Util::unwrapIfClosure(Object(Closure))
#7 /var/www/html/vendor/laravel/framework/src/Illuminate/Container/BoundMethod.php(35): Illuminate\\Container\\BoundMethod::callBoundMethod(Object(Illuminate\\Foundation\\Application), Array, Object(Closure))
#8 /var/www/html/vendor/laravel/framework/src/Illuminate/Container/Container.php(799): Illuminate\\Container\\BoundMethod::call(Object(Illuminate\\Foundation\\Application), Array, Array, NULL)
#9 /var/www/html/vendor/laravel/framework/src/Illuminate/Console/Command.php(280): Illuminate\\Container\\Container->call(Array)
#10 /var/www/html/vendor/symfony/console/Command/Command.php(341): Illuminate\\Console\\Command->execute(Object(Symfony\\Component\\Console\\Input\\ArgvInput), Object(Illuminate\\Console\\OutputStyle))
#11 /var/www/html/vendor/laravel/framework/src/Illuminate/Console/Command.php(249): Symfony\\Component\\Console\\Command\\Command->run(Object(Symfony\\Component\\Console\\Input\\ArgvInput), Object(Illuminate\\Console\\OutputStyle))
#12 /var/www/html/vendor/symfony/console/Application.php(1117): Illuminate\\Console\\Command->run(Object(Symfony\\Component\\Console\\Input\\ArgvInput), Object(Symfony\\Component\\Console\\Output\\ConsoleOutput))
#13 /var/www/html/vendor/symfony/console/Application.php(356): Symfony\\Component\\Console\\Application->doRunCommand(Object(Illuminate\\Console\\Scheduling\\ScheduleRunCommand), Object(Symfony\\Component\\Console\\Input\\ArgvInput), Object(Symfony\\Component\\Console\\Output\\ConsoleOutput))
#14 /var/www/html/vendor/symfony/console/Application.php(195): Symfony\\Component\\Console\\Application->doRun(Object(Symfony\\Component\\Console\\Input\\ArgvInput), Object(Symfony\\Component\\Console\\Output\\ConsoleOutput))
#15 /var/www/html/vendor/laravel/framework/src/Illuminate/Foundation/Console/Kernel.php(198): Symfony\\Component\\Console\\Application->run(Object(Symfony\\Component\\Console\\Input\\ArgvInput), Object(Symfony\\Component\\Console\\Output\\ConsoleOutput))
#16 /var/www/html/vendor/laravel/framework/src/Illuminate/Foundation/Application.php(1235): Illuminate\\Foundation\\Console\\Kernel->handle(Object(Symfony\\Component\\Console\\Input\\ArgvInput), Object(Symfony\\Component\\Console\\Output\\ConsoleOutput))
#17 /var/www/html/artisan(13): Illuminate\\Foundation\\Application->handleCommand(Object(Symfony\\Component\\Console\\Input\\ArgvInput))
#18 {main}
"} 
[2026-06-05 04:05:23] production.ERROR: Scheduled command ['/usr/local/bin/php' 'artisan' anonaddy:parse-postfix-mail-log] failed with exit code [1]. {"exception":"[object] (Exception(code: 0): Scheduled command ['/usr/local/bin/php' 'artisan' anonaddy:parse-postfix-mail-log] failed with exit code [1]. at /var/www/html/vendor/laravel/framework/src/Illuminate/Console/Scheduling/ScheduleRunCommand.php:215)
[stacktrace]
#0 /var/www/html/vendor/laravel/framework/src/Illuminate/Console/View/Components/Task.php(43): Illuminate\\Console\\Scheduling\\ScheduleRunCommand->Illuminate\\Console\\Scheduling\\{closure}()
#1 /var/www/html/vendor/laravel/framework/src/Illuminate/Console/View/Components/Factory.php(59): Illuminate\\Console\\View\\Components\\Task->render('<fg=gray>2026-0...', Object(Closure))
#2 /var/www/html/vendor/laravel/framework/src/Illuminate/Console/Scheduling/ScheduleRunCommand.php(199): Illuminate\\Console\\View\\Components\\Factory->__call('task', Array)
#3 /var/www/html/vendor/laravel/framework/src/Illuminate/Console/Scheduling/ScheduleRunCommand.php(142): Illuminate\\Console\\Scheduling\\ScheduleRunCommand->runEvent(Object(Illuminate\\Console\\Scheduling\\Event))
#4 /var/www/html/vendor/laravel/framework/src/Illuminate/Container/BoundMethod.php(36): Illuminate\\Console\\Scheduling\\ScheduleRunCommand->handle(Object(Illuminate\\Console\\Scheduling\\Schedule), Object(Illuminate\\Events\\Dispatcher), Object(Illuminate\\Cache\\Repository), Object(Illuminate\\Foundation\\Exceptions\\Handler))
#5 /var/www/html/vendor/laravel/framework/src/Illuminate/Container/Util.php(43): Illuminate\\Container\\BoundMethod::Illuminate\\Container\\{closure}()
#6 /var/www/html/vendor/laravel/framework/src/Illuminate/Container/BoundMethod.php(96): Illuminate\\Container\\Util::unwrapIfClosure(Object(Closure))
#7 /var/www/html/vendor/laravel/framework/src/Illuminate/Container/BoundMethod.php(35): Illuminate\\Container\\BoundMethod::callBoundMethod(Object(Illuminate\\Foundation\\Application), Array, Object(Closure))
#8 /var/www/html/vendor/laravel/framework/src/Illuminate/Container/Container.php(799): Illuminate\\Container\\BoundMethod::call(Object(Illuminate\\Foundation\\Application), Array, Array, NULL)
#9 /var/www/html/vendor/laravel/framework/src/Illuminate/Console/Command.php(280): Illuminate\\Container\\Container->call(Array)
#10 /var/www/html/vendor/symfony/console/Command/Command.php(341): Illuminate\\Console\\Command->execute(Object(Symfony\\Component\\Console\\Input\\ArgvInput), Object(Illuminate\\Console\\OutputStyle))
#11 /var/www/html/vendor/laravel/framework/src/Illuminate/Console/Command.php(249): Symfony\\Component\\Console\\Command\\Command->run(Object(Symfony\\Component\\Console\\Input\\ArgvInput), Object(Illuminate\\Console\\OutputStyle))
#12 /var/www/html/vendor/symfony/console/Application.php(1117): Illuminate\\Console\\Command->run(Object(Symfony\\Component\\Console\\Input\\ArgvInput), Object(Symfony\\Component\\Console\\Output\\ConsoleOutput))
#13 /var/www/html/vendor/symfony/console/Application.php(356): Symfony\\Component\\Console\\Application->doRunCommand(Object(Illuminate\\Console\\Scheduling\\ScheduleRunCommand), Object(Symfony\\Component\\Console\\Input\\ArgvInput), Object(Symfony\\Component\\Console\\Output\\ConsoleOutput))
#14 /var/www/html/vendor/symfony/console/Application.php(195): Symfony\\Component\\Console\\Application->doRun(Object(Symfony\\Component\\Console\\Input\\ArgvInput), Object(Symfony\\Component\\Console\\Output\\ConsoleOutput))
#15 /var/www/html/vendor/laravel/framework/src/Illuminate/Foundation/Console/Kernel.php(198): Symfony\\Component\\Console\\Application->run(Object(Symfony\\Component\\Console\\Input\\ArgvInput), Object(Symfony\\Component\\Console\\Output\\ConsoleOutput))
#16 /var/www/html/vendor/laravel/framework/src/Illuminate/Foundation/Application.php(1235): Illuminate\\Foundation\\Console\\Kernel->handle(Object(Symfony\\Component\\Console\\Input\\ArgvInput), Object(Symfony\\Component\\Console\\Output\\ConsoleOutput))
#17 /var/www/html/artisan(13): Illuminate\\Foundation\\Application->handleCommand(Object(Symfony\\Component\\Console\\Input\\ArgvInput))
#18 {main}
"} 
[2026-06-05 04:10:25] production.ERROR: Scheduled command ['/usr/local/bin/php' 'artisan' anonaddy:parse-postfix-mail-log] failed with exit code [1]. {"exception":"[object] (Exception(code: 0): Scheduled command ['/usr/local/bin/php' 'artisan' anonaddy:parse-postfix-mail-log] failed with exit code [1]. at /var/www/html/vendor/laravel/framework/src/Illuminate/Console/Scheduling/ScheduleRunCommand.php:215)
[stacktrace]
#0 /var/www/html/vendor/laravel/framework/src/Illuminate/Console/View/Components/Task.php(43): Illuminate\\Console\\Scheduling\\ScheduleRunCommand->Illuminate\\Console\\Scheduling\\{closure}()
#1 /var/www/html/vendor/laravel/framework/src/Illuminate/Console/View/Components/Factory.php(59): Illuminate\\Console\\View\\Components\\Task->render('<fg=gray>2026-0...', Object(Closure))
#2 /var/www/html/vendor/laravel/framework/src/Illuminate/Console/Scheduling/ScheduleRunCommand.php(199): Illuminate\\Console\\View\\Components\\Factory->__call('task', Array)
#3 /var/www/html/vendor/laravel/framework/src/Illuminate/Console/Scheduling/ScheduleRunCommand.php(142): Illuminate\\Console\\Scheduling\\ScheduleRunCommand->runEvent(Object(Illuminate\\Console\\Scheduling\\Event))
#4 /var/www/html/vendor/laravel/framework/src/Illuminate/Container/BoundMethod.php(36): Illuminate\\Console\\Scheduling\\ScheduleRunCommand->handle(Object(Illuminate\\Console\\Scheduling\\Schedule), Object(Illuminate\\Events\\Dispatcher), Object(Illuminate\\Cache\\Repository), Object(Illuminate\\Foundation\\Exceptions\\Handler))
#5 /var/www/html/vendor/laravel/framework/src/Illuminate/Container/Util.php(43): Illuminate\\Container\\BoundMethod::Illuminate\\Container\\{closure}()
#6 /var/www/html/vendor/laravel/framework/src/Illuminate/Container/BoundMethod.php(96): Illuminate\\Container\\Util::unwrapIfClosure(Object(Closure))
#7 /var/www/html/vendor/laravel/framework/src/Illuminate/Container/BoundMethod.php(35): Illuminate\\Container\\BoundMethod::callBoundMethod(Object(Illuminate\\Foundation\\Application), Array, Object(Closure))
#8 /var/www/html/vendor/laravel/framework/src/Illuminate/Container/Container.php(799): Illuminate\\Container\\BoundMethod::call(Object(Illuminate\\Foundation\\Application), Array, Array, NULL)
#9 /var/www/html/vendor/laravel/framework/src/Illuminate/Console/Command.php(280): Illuminate\\Container\\Container->call(Array)
#10 /var/www/html/vendor/symfony/console/Command/Command.php(341): Illuminate\\Console\\Command->execute(Object(Symfony\\Component\\Console\\Input\\ArgvInput), Object(Illuminate\\Console\\OutputStyle))
#11 /var/www/html/vendor/laravel/framework/src/Illuminate/Console/Command.php(249): Symfony\\Component\\Console\\Command\\Command->run(Object(Symfony\\Component\\Console\\Input\\ArgvInput), Object(Illuminate\\Console\\OutputStyle))
#12 /var/www/html/vendor/symfony/console/Application.php(1117): Illuminate\\Console\\Command->run(Object(Symfony\\Component\\Console\\Input\\ArgvInput), Object(Symfony\\Component\\Console\\Output\\ConsoleOutput))
#13 /var/www/html/vendor/symfony/console/Application.php(356): Symfony\\Component\\Console\\Application->doRunCommand(Object(Illuminate\\Console\\Scheduling\\ScheduleRunCommand), Object(Symfony\\Component\\Console\\Input\\ArgvInput), Object(Symfony\\Component\\Console\\Output\\ConsoleOutput))
#14 /var/www/html/vendor/symfony/console/Application.php(195): Symfony\\Component\\Console\\Application->doRun(Object(Symfony\\Component\\Console\\Input\\ArgvInput), Object(Symfony\\Component\\Console\\Output\\ConsoleOutput))
#15 /var/www/html/vendor/laravel/framework/src/Illuminate/Foundation/Console/Kernel.php(198): Symfony\\Component\\Console\\Application->run(Object(Symfony\\Component\\Console\\Input\\ArgvInput), Object(Symfony\\Component\\Console\\Output\\ConsoleOutput))
#16 /var/www/html/vendor/laravel/framework/src/Illuminate/Foundation/Application.php(1235): Illuminate\\Foundation\\Console\\Kernel->handle(Object(Symfony\\Component\\Console\\Input\\ArgvInput), Object(Symfony\\Component\\Console\\Output\\ConsoleOutput))
#17 /var/www/html/artisan(13): Illuminate\\Foundation\\Application->handleCommand(Object(Symfony\\Component\\Console\\Input\\ArgvInput))
#18 {main}
"} 
[2026-06-05 04:15:25] production.ERROR: Scheduled command ['/usr/local/bin/php' 'artisan' anonaddy:parse-postfix-mail-log] failed with exit code [1]. {"exception":"[object] (Exception(code: 0): Scheduled command ['/usr/local/bin/php' 'artisan' anonaddy:parse-postfix-mail-log] failed with exit code [1]. at /var/www/html/vendor/laravel/framework/src/Illuminate/Console/Scheduling/ScheduleRunCommand.php:215)
[stacktrace]
#0 /var/www/html/vendor/laravel/framework/src/Illuminate/Console/View/Components/Task.php(43): Illuminate\\Console\\Scheduling\\ScheduleRunCommand->Illuminate\\Console\\Scheduling\\{closure}()
#1 /var/www/html/vendor/laravel/framework/src/Illuminate/Console/View/Components/Factory.php(59): Illuminate\\Console\\View\\Components\\Task->render('<fg=gray>2026-0...', Object(Closure))
#2 /var/www/html/vendor/laravel/framework/src/Illuminate/Console/Scheduling/ScheduleRunCommand.php(199): Illuminate\\Console\\View\\Components\\Factory->__call('task', Array)
#3 /var/www/html/vendor/laravel/framework/src/Illuminate/Console/Scheduling/ScheduleRunCommand.php(142): Illuminate\\Console\\Scheduling\\ScheduleRunCommand->runEvent(Object(Illuminate\\Console\\Scheduling\\Event))
#4 /var/www/html/vendor/laravel/framework/src/Illuminate/Container/BoundMethod.php(36): Illuminate\\Console\\Scheduling\\ScheduleRunCommand->handle(Object(Illuminate\\Console\\Scheduling\\Schedule), Object(Illuminate\\Events\\Dispatcher), Object(Illuminate\\Cache\\Repository), Object(Illuminate\\Foundation\\Exceptions\\Handler))
#5 /var/www/html/vendor/laravel/framework/src/Illuminate/Container/Util.php(43): Illuminate\\Container\\BoundMethod::Illuminate\\Container\\{closure}()
#6 /var/www/html/vendor/laravel/framework/src/Illuminate/Container/BoundMethod.php(96): Illuminate\\Container\\Util::unwrapIfClosure(Object(Closure))
#7 /var/www/html/vendor/laravel/framework/src/Illuminate/Container/BoundMethod.php(35): Illuminate\\Container\\BoundMethod::callBoundMethod(Object(Illuminate\\Foundation\\Application), Array, Object(Closure))
#8 /var/www/html/vendor/laravel/framework/src/Illuminate/Container/Container.php(799): Illuminate\\Container\\BoundMethod::call(Object(Illuminate\\Foundation\\Application), Array, Array, NULL)
#9 /var/www/html/vendor/laravel/framework/src/Illuminate/Console/Command.php(280): Illuminate\\Container\\Container->call(Array)
#10 /var/www/html/vendor/symfony/console/Command/Command.php(341): Illuminate\\Console\\Command->execute(Object(Symfony\\Component\\Console\\Input\\ArgvInput), Object(Illuminate\\Console\\OutputStyle))
#11 /var/www/html/vendor/laravel/framework/src/Illuminate/Console/Command.php(249): Symfony\\Component\\Console\\Command\\Command->run(Object(Symfony\\Component\\Console\\Input\\ArgvInput), Object(Illuminate\\Console\\OutputStyle))
#12 /var/www/html/vendor/symfony/console/Application.php(1117): Illuminate\\Console\\Command->run(Object(Symfony\\Component\\Console\\Input\\ArgvInput), Object(Symfony\\Component\\Console\\Output\\ConsoleOutput))
#13 /var/www/html/vendor/symfony/console/Application.php(356): Symfony\\Component\\Console\\Application->doRunCommand(Object(Illuminate\\Console\\Scheduling\\ScheduleRunCommand), Object(Symfony\\Component\\Console\\Input\\ArgvInput), Object(Symfony\\Component\\Console\\Output\\ConsoleOutput))
#14 /var/www/html/vendor/symfony/console/Application.php(195): Symfony\\Component\\Console\\Application->doRun(Object(Symfony\\Component\\Console\\Input\\ArgvInput), Object(Symfony\\Component\\Console\\Output\\ConsoleOutput))
#15 /var/www/html/vendor/laravel/framework/src/Illuminate/Foundation/Console/Kernel.php(198): Symfony\\Component\\Console\\Application->run(Object(Symfony\\Component\\Console\\Input\\ArgvInput), Object(Symfony\\Component\\Console\\Output\\ConsoleOutput))
#16 /var/www/html/vendor/laravel/framework/src/Illuminate/Foundation/Application.php(1235): Illuminate\\Foundation\\Console\\Kernel->handle(Object(Symfony\\Component\\Console\\Input\\ArgvInput), Object(Symfony\\Component\\Console\\Output\\ConsoleOutput))
#17 /var/www/html/artisan(13): Illuminate\\Foundation\\Application->handleCommand(Object(Symfony\\Component\\Console\\Input\\ArgvInput))
#18 {main}
"} 
[2026-06-05 04:20:24] production.ERROR: Scheduled command ['/usr/local/bin/php' 'artisan' anonaddy:parse-postfix-mail-log] failed with exit code [1]. {"exception":"[object] (Exception(code: 0): Scheduled command ['/usr/local/bin/php' 'artisan' anonaddy:parse-postfix-mail-log] failed with exit code [1]. at /var/www/html/vendor/laravel/framework/src/Illuminate/Console/Scheduling/ScheduleRunCommand.php:215)
[stacktrace]
#0 /var/www/html/vendor/laravel/framework/src/Illuminate/Console/View/Components/Task.php(43): Illuminate\\Console\\Scheduling\\ScheduleRunCommand->Illuminate\\Console\\Scheduling\\{closure}()
#1 /var/www/html/vendor/laravel/framework/src/Illuminate/Console/View/Components/Factory.php(59): Illuminate\\Console\\View\\Components\\Task->render('<fg=gray>2026-0...', Object(Closure))
#2 /var/www/html/vendor/laravel/framework/src/Illuminate/Console/Scheduling/ScheduleRunCommand.php(199): Illuminate\\Console\\View\\Components\\Factory->__call('task', Array)
#3 /var/www/html/vendor/laravel/framework/src/Illuminate/Console/Scheduling/ScheduleRunCommand.php(142): Illuminate\\Console\\Scheduling\\ScheduleRunCommand->runEvent(Object(Illuminate\\Console\\Scheduling\\Event))
#4 /var/www/html/vendor/laravel/framework/src/Illuminate/Container/BoundMethod.php(36): Illuminate\\Console\\Scheduling\\ScheduleRunCommand->handle(Object(Illuminate\\Console\\Scheduling\\Schedule), Object(Illuminate\\Events\\Dispatcher), Object(Illuminate\\Cache\\Repository), Object(Illuminate\\Foundation\\Exceptions\\Handler))
#5 /var/www/html/vendor/laravel/framework/src/Illuminate/Container/Util.php(43): Illuminate\\Container\\BoundMethod::Illuminate\\Container\\{closure}()
#6 /var/www/html/vendor/laravel/framework/src/Illuminate/Container/BoundMethod.php(96): Illuminate\\Container\\Util::unwrapIfClosure(Object(Closure))
#7 /var/www/html/vendor/laravel/framework/src/Illuminate/Container/BoundMethod.php(35): Illuminate\\Container\\BoundMethod::callBoundMethod(Object(Illuminate\\Foundation\\Application), Array, Object(Closure))
#8 /var/www/html/vendor/laravel/framework/src/Illuminate/Container/Container.php(799): Illuminate\\Container\\BoundMethod::call(Object(Illuminate\\Foundation\\Application), Array, Array, NULL)
#9 /var/www/html/vendor/laravel/framework/src/Illuminate/Console/Command.php(280): Illuminate\\Container\\Container->call(Array)
#10 /var/www/html/vendor/symfony/console/Command/Command.php(341): Illuminate\\Console\\Command->execute(Object(Symfony\\Component\\Console\\Input\\ArgvInput), Object(Illuminate\\Console\\OutputStyle))
#11 /var/www/html/vendor/laravel/framework/src/Illuminate/Console/Command.php(249): Symfony\\Component\\Console\\Command\\Command->run(Object(Symfony\\Component\\Console\\Input\\ArgvInput), Object(Illuminate\\Console\\OutputStyle))
#12 /var/www/html/vendor/symfony/console/Application.php(1117): Illuminate\\Console\\Command->run(Object(Symfony\\Component\\Console\\Input\\ArgvInput), Object(Symfony\\Component\\Console\\Output\\ConsoleOutput))
#13 /var/www/html/vendor/symfony/console/Application.php(356): Symfony\\Component\\Console\\Application->doRunCommand(Object(Illuminate\\Console\\Scheduling\\ScheduleRunCommand), Object(Symfony\\Component\\Console\\Input\\ArgvInput), Object(Symfony\\Component\\Console\\Output\\ConsoleOutput))
#14 /var/www/html/vendor/symfony/console/Application.php(195): Symfony\\Component\\Console\\Application->doRun(Object(Symfony\\Component\\Console\\Input\\ArgvInput), Object(Symfony\\Component\\Console\\Output\\ConsoleOutput))
#15 /var/www/html/vendor/laravel/framework/src/Illuminate/Foundation/Console/Kernel.php(198): Symfony\\Component\\Console\\Application->run(Object(Symfony\\Component\\Console\\Input\\ArgvInput), Object(Symfony\\Component\\Console\\Output\\ConsoleOutput))
#16 /var/www/html/vendor/laravel/framework/src/Illuminate/Foundation/Application.php(1235): Illuminate\\Foundation\\Console\\Kernel->handle(Object(Symfony\\Component\\Console\\Input\\ArgvInput), Object(Symfony\\Component\\Console\\Output\\ConsoleOutput))
#17 /var/www/html/artisan(13): Illuminate\\Foundation\\Application->handleCommand(Object(Symfony\\Component\\Console\\Input\\ArgvInput))
#18 {main}
"} 
[2026-06-05 04:25:26] production.ERROR: Scheduled command ['/usr/local/bin/php' 'artisan' anonaddy:parse-postfix-mail-log] failed with exit code [1]. {"exception":"[object] (Exception(code: 0): Scheduled command ['/usr/local/bin/php' 'artisan' anonaddy:parse-postfix-mail-log] failed with exit code [1]. at /var/www/html/vendor/laravel/framework/src/Illuminate/Console/Scheduling/ScheduleRunCommand.php:215)
[stacktrace]
#0 /var/www/html/vendor/laravel/framework/src/Illuminate/Console/View/Components/Task.php(43): Illuminate\\Console\\Scheduling\\ScheduleRunCommand->Illuminate\\Console\\Scheduling\\{closure}()
#1 /var/www/html/vendor/laravel/framework/src/Illuminate/Console/View/Components/Factory.php(59): Illuminate\\Console\\View\\Components\\Task->render('<fg=gray>2026-0...', Object(Closure))
#2 /var/www/html/vendor/laravel/framework/src/Illuminate/Console/Scheduling/ScheduleRunCommand.php(199): Illuminate\\Console\\View\\Components\\Factory->__call('task', Array)
#3 /var/www/html/vendor/laravel/framework/src/Illuminate/Console/Scheduling/ScheduleRunCommand.php(142): Illuminate\\Console\\Scheduling\\ScheduleRunCommand->runEvent(Object(Illuminate\\Console\\Scheduling\\Event))
#4 /var/www/html/vendor/laravel/framework/src/Illuminate/Container/BoundMethod.php(36): Illuminate\\Console\\Scheduling\\ScheduleRunCommand->handle(Object(Illuminate\\Console\\Scheduling\\Schedule), Object(Illuminate\\Events\\Dispatcher), Object(Illuminate\\Cache\\Repository), Object(Illuminate\\Foundation\\Exceptions\\Handler))
#5 /var/www/html/vendor/laravel/framework/src/Illuminate/Container/Util.php(43): Illuminate\\Container\\BoundMethod::Illuminate\\Container\\{closure}()
#6 /var/www/html/vendor/laravel/framework/src/Illuminate/Container/BoundMethod.php(96): Illuminate\\Container\\Util::unwrapIfClosure(Object(Closure))
#7 /var/www/html/vendor/laravel/framework/src/Illuminate/Container/BoundMethod.php(35): Illuminate\\Container\\BoundMethod::callBoundMethod(Object(Illuminate\\Foundation\\Application), Array, Object(Closure))
#8 /var/www/html/vendor/laravel/framework/src/Illuminate/Container/Container.php(799): Illuminate\\Container\\BoundMethod::call(Object(Illuminate\\Foundation\\Application), Array, Array, NULL)
#9 /var/www/html/vendor/laravel/framework/src/Illuminate/Console/Command.php(280): Illuminate\\Container\\Container->call(Array)
#10 /var/www/html/vendor/symfony/console/Command/Command.php(341): Illuminate\\Console\\Command->execute(Object(Symfony\\Component\\Console\\Input\\ArgvInput), Object(Illuminate\\Console\\OutputStyle))
#11 /var/www/html/vendor/laravel/framework/src/Illuminate/Console/Command.php(249): Symfony\\Component\\Console\\Command\\Command->run(Object(Symfony\\Component\\Console\\Input\\ArgvInput), Object(Illuminate\\Console\\OutputStyle))
#12 /var/www/html/vendor/symfony/console/Application.php(1117): Illuminate\\Console\\Command->run(Object(Symfony\\Component\\Console\\Input\\ArgvInput), Object(Symfony\\Component\\Console\\Output\\ConsoleOutput))
#13 /var/www/html/vendor/symfony/console/Application.php(356): Symfony\\Component\\Console\\Application->doRunCommand(Object(Illuminate\\Console\\Scheduling\\ScheduleRunCommand), Object(Symfony\\Component\\Console\\Input\\ArgvInput), Object(Symfony\\Component\\Console\\Output\\ConsoleOutput))
#14 /var/www/html/vendor/symfony/console/Application.php(195): Symfony\\Component\\Console\\Application->doRun(Object(Symfony\\Component\\Console\\Input\\ArgvInput), Object(Symfony\\Component\\Console\\Output\\ConsoleOutput))
#15 /var/www/html/vendor/laravel/framework/src/Illuminate/Foundation/Console/Kernel.php(198): Symfony\\Component\\Console\\Application->run(Object(Symfony\\Component\\Console\\Input\\ArgvInput), Object(Symfony\\Component\\Console\\Output\\ConsoleOutput))
#16 /var/www/html/vendor/laravel/framework/src/Illuminate/Foundation/Application.php(1235): Illuminate\\Foundation\\Console\\Kernel->handle(Object(Symfony\\Component\\Console\\Input\\ArgvInput), Object(Symfony\\Component\\Console\\Output\\ConsoleOutput))
#17 /var/www/html/artisan(13): Illuminate\\Foundation\\Application->handleCommand(Object(Symfony\\Component\\Console\\Input\\ArgvInput))
#18 {main}
"} 
[2026-06-05 04:30:24] production.ERROR: Scheduled command ['/usr/local/bin/php' 'artisan' anonaddy:parse-postfix-mail-log] failed with exit code [1]. {"exception":"[object] (Exception(code: 0): Scheduled command ['/usr/local/bin/php' 'artisan' anonaddy:parse-postfix-mail-log] failed with exit code [1]. at /var/www/html/vendor/laravel/framework/src/Illuminate/Console/Scheduling/ScheduleRunCommand.php:215)
[stacktrace]
#0 /var/www/html/vendor/laravel/framework/src/Illuminate/Console/View/Components/Task.php(43): Illuminate\\Console\\Scheduling\\ScheduleRunCommand->Illuminate\\Console\\Scheduling\\{closure}()
#1 /var/www/html/vendor/laravel/framework/src/Illuminate/Console/View/Components/Factory.php(59): Illuminate\\Console\\View\\Components\\Task->render('<fg=gray>2026-0...', Object(Closure))
#2 /var/www/html/vendor/laravel/framework/src/Illuminate/Console/Scheduling/ScheduleRunCommand.php(199): Illuminate\\Console\\View\\Components\\Factory->__call('task', Array)
#3 /var/www/html/vendor/laravel/framework/src/Illuminate/Console/Scheduling/ScheduleRunCommand.php(142): Illuminate\\Console\\Scheduling\\ScheduleRunCommand->runEvent(Object(Illuminate\\Console\\Scheduling\\Event))
#4 /var/www/html/vendor/laravel/framework/src/Illuminate/Container/BoundMethod.php(36): Illuminate\\Console\\Scheduling\\ScheduleRunCommand->handle(Object(Illuminate\\Console\\Scheduling\\Schedule), Object(Illuminate\\Events\\Dispatcher), Object(Illuminate\\Cache\\Repository), Object(Illuminate\\Foundation\\Exceptions\\Handler))
#5 /var/www/html/vendor/laravel/framework/src/Illuminate/Container/Util.php(43): Illuminate\\Container\\BoundMethod::Illuminate\\Container\\{closure}()
#6 /var/www/html/vendor/laravel/framework/src/Illuminate/Container/BoundMethod.php(96): Illuminate\\Container\\Util::unwrapIfClosure(Object(Closure))
#7 /var/www/html/vendor/laravel/framework/src/Illuminate/Container/BoundMethod.php(35): Illuminate\\Container\\BoundMethod::callBoundMethod(Object(Illuminate\\Foundation\\Application), Array, Object(Closure))
#8 /var/www/html/vendor/laravel/framework/src/Illuminate/Container/Container.php(799): Illuminate\\Container\\BoundMethod::call(Object(Illuminate\\Foundation\\Application), Array, Array, NULL)
#9 /var/www/html/vendor/laravel/framework/src/Illuminate/Console/Command.php(280): Illuminate\\Container\\Container->call(Array)
#10 /var/www/html/vendor/symfony/console/Command/Command.php(341): Illuminate\\Console\\Command->execute(Object(Symfony\\Component\\Console\\Input\\ArgvInput), Object(Illuminate\\Console\\OutputStyle))
#11 /var/www/html/vendor/laravel/framework/src/Illuminate/Console/Command.php(249): Symfony\\Component\\Console\\Command\\Command->run(Object(Symfony\\Component\\Console\\Input\\ArgvInput), Object(Illuminate\\Console\\OutputStyle))
#12 /var/www/html/vendor/symfony/console/Application.php(1117): Illuminate\\Console\\Command->run(Object(Symfony\\Component\\Console\\Input\\ArgvInput), Object(Symfony\\Component\\Console\\Output\\ConsoleOutput))
#13 /var/www/html/vendor/symfony/console/Application.php(356): Symfony\\Component\\Console\\Application->doRunCommand(Object(Illuminate\\Console\\Scheduling\\ScheduleRunCommand), Object(Symfony\\Component\\Console\\Input\\ArgvInput), Object(Symfony\\Component\\Console\\Output\\ConsoleOutput))
#14 /var/www/html/vendor/symfony/console/Application.php(195): Symfony\\Component\\Console\\Application->doRun(Object(Symfony\\Component\\Console\\Input\\ArgvInput), Object(Symfony\\Component\\Console\\Output\\ConsoleOutput))
#15 /var/www/html/vendor/laravel/framework/src/Illuminate/Foundation/Console/Kernel.php(198): Symfony\\Component\\Console\\Application->run(Object(Symfony\\Component\\Console\\Input\\ArgvInput), Object(Symfony\\Component\\Console\\Output\\ConsoleOutput))
#16 /var/www/html/vendor/laravel/framework/src/Illuminate/Foundation/Application.php(1235): Illuminate\\Foundation\\Console\\Kernel->handle(Object(Symfony\\Component\\Console\\Input\\ArgvInput), Object(Symfony\\Component\\Console\\Output\\ConsoleOutput))
#17 /var/www/html/artisan(13): Illuminate\\Foundation\\Application->handleCommand(Object(Symfony\\Component\\Console\\Input\\ArgvInput))
#18 {main}
"} 
[2026-06-05 04:35:24] production.ERROR: Scheduled command ['/usr/local/bin/php' 'artisan' anonaddy:parse-postfix-mail-log] failed with exit code [1]. {"exception":"[object] (Exception(code: 0): Scheduled command ['/usr/local/bin/php' 'artisan' anonaddy:parse-postfix-mail-log] failed with exit code [1]. at /var/www/html/vendor/laravel/framework/src/Illuminate/Console/Scheduling/ScheduleRunCommand.php:215)
[stacktrace]
#0 /var/www/html/vendor/laravel/framework/src/Illuminate/Console/View/Components/Task.php(43): Illuminate\\Console\\Scheduling\\ScheduleRunCommand->Illuminate\\Console\\Scheduling\\{closure}()
#1 /var/www/html/vendor/laravel/framework/src/Illuminate/Console/View/Components/Factory.php(59): Illuminate\\Console\\View\\Components\\Task->render('<fg=gray>2026-0...', Object(Closure))
#2 /var/www/html/vendor/laravel/framework/src/Illuminate/Console/Scheduling/ScheduleRunCommand.php(199): Illuminate\\Console\\View\\Components\\Factory->__call('task', Array)
#3 /var/www/html/vendor/laravel/framework/src/Illuminate/Console/Scheduling/ScheduleRunCommand.php(142): Illuminate\\Console\\Scheduling\\ScheduleRunCommand->runEvent(Object(Illuminate\\Console\\Scheduling\\Event))
#4 /var/www/html/vendor/laravel/framework/src/Illuminate/Container/BoundMethod.php(36): Illuminate\\Console\\Scheduling\\ScheduleRunCommand->handle(Object(Illuminate\\Console\\Scheduling\\Schedule), Object(Illuminate\\Events\\Dispatcher), Object(Illuminate\\Cache\\Repository), Object(Illuminate\\Foundation\\Exceptions\\Handler))
#5 /var/www/html/vendor/laravel/framework/src/Illuminate/Container/Util.php(43): Illuminate\\Container\\BoundMethod::Illuminate\\Container\\{closure}()
#6 /var/www/html/vendor/laravel/framework/src/Illuminate/Container/BoundMethod.php(96): Illuminate\\Container\\Util::unwrapIfClosure(Object(Closure))
#7 /var/www/html/vendor/laravel/framework/src/Illuminate/Container/BoundMethod.php(35): Illuminate\\Container\\BoundMethod::callBoundMethod(Object(Illuminate\\Foundation\\Application), Array, Object(Closure))
#8 /var/www/html/vendor/laravel/framework/src/Illuminate/Container/Container.php(799): Illuminate\\Container\\BoundMethod::call(Object(Illuminate\\Foundation\\Application), Array, Array, NULL)
#9 /var/www/html/vendor/laravel/framework/src/Illuminate/Console/Command.php(280): Illuminate\\Container\\Container->call(Array)
#10 /var/www/html/vendor/symfony/console/Command/Command.php(341): Illuminate\\Console\\Command->execute(Object(Symfony\\Component\\Console\\Input\\ArgvInput), Object(Illuminate\\Console\\OutputStyle))
#11 /var/www/html/vendor/laravel/framework/src/Illuminate/Console/Command.php(249): Symfony\\Component\\Console\\Command\\Command->run(Object(Symfony\\Component\\Console\\Input\\ArgvInput), Object(Illuminate\\Console\\OutputStyle))
#12 /var/www/html/vendor/symfony/console/Application.php(1117): Illuminate\\Console\\Command->run(Object(Symfony\\Component\\Console\\Input\\ArgvInput), Object(Symfony\\Component\\Console\\Output\\ConsoleOutput))
#13 /var/www/html/vendor/symfony/console/Application.php(356): Symfony\\Component\\Console\\Application->doRunCommand(Object(Illuminate\\Console\\Scheduling\\ScheduleRunCommand), Object(Symfony\\Component\\Console\\Input\\ArgvInput), Object(Symfony\\Component\\Console\\Output\\ConsoleOutput))
#14 /var/www/html/vendor/symfony/console/Application.php(195): Symfony\\Component\\Console\\Application->doRun(Object(Symfony\\Component\\Console\\Input\\ArgvInput), Object(Symfony\\Component\\Console\\Output\\ConsoleOutput))
#15 /var/www/html/vendor/laravel/framework/src/Illuminate/Foundation/Console/Kernel.php(198): Symfony\\Component\\Console\\Application->run(Object(Symfony\\Component\\Console\\Input\\ArgvInput), Object(Symfony\\Component\\Console\\Output\\ConsoleOutput))
#16 /var/www/html/vendor/laravel/framework/src/Illuminate/Foundation/Application.php(1235): Illuminate\\Foundation\\Console\\Kernel->handle(Object(Symfony\\Component\\Console\\Input\\ArgvInput), Object(Symfony\\Component\\Console\\Output\\ConsoleOutput))
#17 /var/www/html/artisan(13): Illuminate\\Foundation\\Application->handleCommand(Object(Symfony\\Component\\Console\\Input\\ArgvInput))
#18 {main}
"} 
[2026-06-05 04:40:23] production.ERROR: Scheduled command ['/usr/local/bin/php' 'artisan' anonaddy:parse-postfix-mail-log] failed with exit code [1]. {"exception":"[object] (Exception(code: 0): Scheduled command ['/usr/local/bin/php' 'artisan' anonaddy:parse-postfix-mail-log] failed with exit code [1]. at /var/www/html/vendor/laravel/framework/src/Illuminate/Console/Scheduling/ScheduleRunCommand.php:215)
[stacktrace]
#0 /var/www/html/vendor/laravel/framework/src/Illuminate/Console/View/Components/Task.php(43): Illuminate\\Console\\Scheduling\\ScheduleRunCommand->Illuminate\\Console\\Scheduling\\{closure}()
#1 /var/www/html/vendor/laravel/framework/src/Illuminate/Console/View/Components/Factory.php(59): Illuminate\\Console\\View\\Components\\Task->render('<fg=gray>2026-0...', Object(Closure))
#2 /var/www/html/vendor/laravel/framework/src/Illuminate/Console/Scheduling/ScheduleRunCommand.php(199): Illuminate\\Console\\View\\Components\\Factory->__call('task', Array)
#3 /var/www/html/vendor/laravel/framework/src/Illuminate/Console/Scheduling/ScheduleRunCommand.php(142): Illuminate\\Console\\Scheduling\\ScheduleRunCommand->runEvent(Object(Illuminate\\Console\\Scheduling\\Event))
#4 /var/www/html/vendor/laravel/framework/src/Illuminate/Container/BoundMethod.php(36): Illuminate\\Console\\Scheduling\\ScheduleRunCommand->handle(Object(Illuminate\\Console\\Scheduling\\Schedule), Object(Illuminate\\Events\\Dispatcher), Object(Illuminate\\Cache\\Repository), Object(Illuminate\\Foundation\\Exceptions\\Handler))
#5 /var/www/html/vendor/laravel/framework/src/Illuminate/Container/Util.php(43): Illuminate\\Container\\BoundMethod::Illuminate\\Container\\{closure}()
#6 /var/www/html/vendor/laravel/framework/src/Illuminate/Container/BoundMethod.php(96): Illuminate\\Container\\Util::unwrapIfClosure(Object(Closure))
#7 /var/www/html/vendor/laravel/framework/src/Illuminate/Container/BoundMethod.php(35): Illuminate\\Container\\BoundMethod::callBoundMethod(Object(Illuminate\\Foundation\\Application), Array, Object(Closure))
#8 /var/www/html/vendor/laravel/framework/src/Illuminate/Container/Container.php(799): Illuminate\\Container\\BoundMethod::call(Object(Illuminate\\Foundation\\Application), Array, Array, NULL)
#9 /var/www/html/vendor/laravel/framework/src/Illuminate/Console/Command.php(280): Illuminate\\Container\\Container->call(Array)
#10 /var/www/html/vendor/symfony/console/Command/Command.php(341): Illuminate\\Console\\Command->execute(Object(Symfony\\Component\\Console\\Input\\ArgvInput), Object(Illuminate\\Console\\OutputStyle))
#11 /var/www/html/vendor/laravel/framework/src/Illuminate/Console/Command.php(249): Symfony\\Component\\Console\\Command\\Command->run(Object(Symfony\\Component\\Console\\Input\\ArgvInput), Object(Illuminate\\Console\\OutputStyle))
#12 /var/www/html/vendor/symfony/console/Application.php(1117): Illuminate\\Console\\Command->run(Object(Symfony\\Component\\Console\\Input\\ArgvInput), Object(Symfony\\Component\\Console\\Output\\ConsoleOutput))
#13 /var/www/html/vendor/symfony/console/Application.php(356): Symfony\\Component\\Console\\Application->doRunCommand(Object(Illuminate\\Console\\Scheduling\\ScheduleRunCommand), Object(Symfony\\Component\\Console\\Input\\ArgvInput), Object(Symfony\\Component\\Console\\Output\\ConsoleOutput))
#14 /var/www/html/vendor/symfony/console/Application.php(195): Symfony\\Component\\Console\\Application->doRun(Object(Symfony\\Component\\Console\\Input\\ArgvInput), Object(Symfony\\Component\\Console\\Output\\ConsoleOutput))
#15 /var/www/html/vendor/laravel/framework/src/Illuminate/Foundation/Console/Kernel.php(198): Symfony\\Component\\Console\\Application->run(Object(Symfony\\Component\\Console\\Input\\ArgvInput), Object(Symfony\\Component\\Console\\Output\\ConsoleOutput))
#16 /var/www/html/vendor/laravel/framework/src/Illuminate/Foundation/Application.php(1235): Illuminate\\Foundation\\Console\\Kernel->handle(Object(Symfony\\Component\\Console\\Input\\ArgvInput), Object(Symfony\\Component\\Console\\Output\\ConsoleOutput))
#17 /var/www/html/artisan(13): Illuminate\\Foundation\\Application->handleCommand(Object(Symfony\\Component\\Console\\Input\\ArgvInput))
#18 {main}
"} 
[2026-06-05 04:45:24] production.ERROR: Scheduled command ['/usr/local/bin/php' 'artisan' anonaddy:parse-postfix-mail-log] failed with exit code [1]. {"exception":"[object] (Exception(code: 0): Scheduled command ['/usr/local/bin/php' 'artisan' anonaddy:parse-postfix-mail-log] failed with exit code [1]. at /var/www/html/vendor/laravel/framework/src/Illuminate/Console/Scheduling/ScheduleRunCommand.php:215)
[stacktrace]
#0 /var/www/html/vendor/laravel/framework/src/Illuminate/Console/View/Components/Task.php(43): Illuminate\\Console\\Scheduling\\ScheduleRunCommand->Illuminate\\Console\\Scheduling\\{closure}()
#1 /var/www/html/vendor/laravel/framework/src/Illuminate/Console/View/Components/Factory.php(59): Illuminate\\Console\\View\\Components\\Task->render('<fg=gray>2026-0...', Object(Closure))
#2 /var/www/html/vendor/laravel/framework/src/Illuminate/Console/Scheduling/ScheduleRunCommand.php(199): Illuminate\\Console\\View\\Components\\Factory->__call('task', Array)
#3 /var/www/html/vendor/laravel/framework/src/Illuminate/Console/Scheduling/ScheduleRunCommand.php(142): Illuminate\\Console\\Scheduling\\ScheduleRunCommand->runEvent(Object(Illuminate\\Console\\Scheduling\\Event))
#4 /var/www/html/vendor/laravel/framework/src/Illuminate/Container/BoundMethod.php(36): Illuminate\\Console\\Scheduling\\ScheduleRunCommand->handle(Object(Illuminate\\Console\\Scheduling\\Schedule), Object(Illuminate\\Events\\Dispatcher), Object(Illuminate\\Cache\\Repository), Object(Illuminate\\Foundation\\Exceptions\\Handler))
#5 /var/www/html/vendor/laravel/framework/src/Illuminate/Container/Util.php(43): Illuminate\\Container\\BoundMethod::Illuminate\\Container\\{closure}()
#6 /var/www/html/vendor/laravel/framework/src/Illuminate/Container/BoundMethod.php(96): Illuminate\\Container\\Util::unwrapIfClosure(Object(Closure))
#7 /var/www/html/vendor/laravel/framework/src/Illuminate/Container/BoundMethod.php(35): Illuminate\\Container\\BoundMethod::callBoundMethod(Object(Illuminate\\Foundation\\Application), Array, Object(Closure))
#8 /var/www/html/vendor/laravel/framework/src/Illuminate/Container/Container.php(799): Illuminate\\Container\\BoundMethod::call(Object(Illuminate\\Foundation\\Application), Array, Array, NULL)
#9 /var/www/html/vendor/laravel/framework/src/Illuminate/Console/Command.php(280): Illuminate\\Container\\Container->call(Array)
#10 /var/www/html/vendor/symfony/console/Command/Command.php(341): Illuminate\\Console\\Command->execute(Object(Symfony\\Component\\Console\\Input\\ArgvInput), Object(Illuminate\\Console\\OutputStyle))
#11 /var/www/html/vendor/laravel/framework/src/Illuminate/Console/Command.php(249): Symfony\\Component\\Console\\Command\\Command->run(Object(Symfony\\Component\\Console\\Input\\ArgvInput), Object(Illuminate\\Console\\OutputStyle))
#12 /var/www/html/vendor/symfony/console/Application.php(1117): Illuminate\\Console\\Command->run(Object(Symfony\\Component\\Console\\Input\\ArgvInput), Object(Symfony\\Component\\Console\\Output\\ConsoleOutput))
#13 /var/www/html/vendor/symfony/console/Application.php(356): Symfony\\Component\\Console\\Application->doRunCommand(Object(Illuminate\\Console\\Scheduling\\ScheduleRunCommand), Object(Symfony\\Component\\Console\\Input\\ArgvInput), Object(Symfony\\Component\\Console\\Output\\ConsoleOutput))
#14 /var/www/html/vendor/symfony/console/Application.php(195): Symfony\\Component\\Console\\Application->doRun(Object(Symfony\\Component\\Console\\Input\\ArgvInput), Object(Symfony\\Component\\Console\\Output\\ConsoleOutput))
#15 /var/www/html/vendor/laravel/framework/src/Illuminate/Foundation/Console/Kernel.php(198): Symfony\\Component\\Console\\Application->run(Object(Symfony\\Component\\Console\\Input\\ArgvInput), Object(Symfony\\Component\\Console\\Output\\ConsoleOutput))
#16 /var/www/html/vendor/laravel/framework/src/Illuminate/Foundation/Application.php(1235): Illuminate\\Foundation\\Console\\Kernel->handle(Object(Symfony\\Component\\Console\\Input\\ArgvInput), Object(Symfony\\Component\\Console\\Output\\ConsoleOutput))
#17 /var/www/html/artisan(13): Illuminate\\Foundation\\Application->handleCommand(Object(Symfony\\Component\\Console\\Input\\ArgvInput))
#18 {main}
"} 
[2026-06-05 04:50:24] production.ERROR: Scheduled command ['/usr/local/bin/php' 'artisan' anonaddy:parse-postfix-mail-log] failed with exit code [1]. {"exception":"[object] (Exception(code: 0): Scheduled command ['/usr/local/bin/php' 'artisan' anonaddy:parse-postfix-mail-log] failed with exit code [1]. at /var/www/html/vendor/laravel/framework/src/Illuminate/Console/Scheduling/ScheduleRunCommand.php:215)
[stacktrace]
#0 /var/www/html/vendor/laravel/framework/src/Illuminate/Console/View/Components/Task.php(43): Illuminate\\Console\\Scheduling\\ScheduleRunCommand->Illuminate\\Console\\Scheduling\\{closure}()
#1 /var/www/html/vendor/laravel/framework/src/Illuminate/Console/View/Components/Factory.php(59): Illuminate\\Console\\View\\Components\\Task->render('<fg=gray>2026-0...', Object(Closure))
#2 /var/www/html/vendor/laravel/framework/src/Illuminate/Console/Scheduling/ScheduleRunCommand.php(199): Illuminate\\Console\\View\\Components\\Factory->__call('task', Array)
#3 /var/www/html/vendor/laravel/framework/src/Illuminate/Console/Scheduling/ScheduleRunCommand.php(142): Illuminate\\Console\\Scheduling\\ScheduleRunCommand->runEvent(Object(Illuminate\\Console\\Scheduling\\Event))
#4 /var/www/html/vendor/laravel/framework/src/Illuminate/Container/BoundMethod.php(36): Illuminate\\Console\\Scheduling\\ScheduleRunCommand->handle(Object(Illuminate\\Console\\Scheduling\\Schedule), Object(Illuminate\\Events\\Dispatcher), Object(Illuminate\\Cache\\Repository), Object(Illuminate\\Foundation\\Exceptions\\Handler))
#5 /var/www/html/vendor/laravel/framework/src/Illuminate/Container/Util.php(43): Illuminate\\Container\\BoundMethod::Illuminate\\Container\\{closure}()
#6 /var/www/html/vendor/laravel/framework/src/Illuminate/Container/BoundMethod.php(96): Illuminate\\Container\\Util::unwrapIfClosure(Object(Closure))
#7 /var/www/html/vendor/laravel/framework/src/Illuminate/Container/BoundMethod.php(35): Illuminate\\Container\\BoundMethod::callBoundMethod(Object(Illuminate\\Foundation\\Application), Array, Object(Closure))
#8 /var/www/html/vendor/laravel/framework/src/Illuminate/Container/Container.php(799): Illuminate\\Container\\BoundMethod::call(Object(Illuminate\\Foundation\\Application), Array, Array, NULL)
#9 /var/www/html/vendor/laravel/framework/src/Illuminate/Console/Command.php(280): Illuminate\\Container\\Container->call(Array)
#10 /var/www/html/vendor/symfony/console/Command/Command.php(341): Illuminate\\Console\\Command->execute(Object(Symfony\\Component\\Console\\Input\\ArgvInput), Object(Illuminate\\Console\\OutputStyle))
#11 /var/www/html/vendor/laravel/framework/src/Illuminate/Console/Command.php(249): Symfony\\Component\\Console\\Command\\Command->run(Object(Symfony\\Component\\Console\\Input\\ArgvInput), Object(Illuminate\\Console\\OutputStyle))
#12 /var/www/html/vendor/symfony/console/Application.php(1117): Illuminate\\Console\\Command->run(Object(Symfony\\Component\\Console\\Input\\ArgvInput), Object(Symfony\\Component\\Console\\Output\\ConsoleOutput))
#13 /var/www/html/vendor/symfony/console/Application.php(356): Symfony\\Component\\Console\\Application->doRunCommand(Object(Illuminate\\Console\\Scheduling\\ScheduleRunCommand), Object(Symfony\\Component\\Console\\Input\\ArgvInput), Object(Symfony\\Component\\Console\\Output\\ConsoleOutput))
#14 /var/www/html/vendor/symfony/console/Application.php(195): Symfony\\Component\\Console\\Application->doRun(Object(Symfony\\Component\\Console\\Input\\ArgvInput), Object(Symfony\\Component\\Console\\Output\\ConsoleOutput))
#15 /var/www/html/vendor/laravel/framework/src/Illuminate/Foundation/Console/Kernel.php(198): Symfony\\Component\\Console\\Application->run(Object(Symfony\\Component\\Console\\Input\\ArgvInput), Object(Symfony\\Component\\Console\\Output\\ConsoleOutput))
#16 /var/www/html/vendor/laravel/framework/src/Illuminate/Foundation/Application.php(1235): Illuminate\\Foundation\\Console\\Kernel->handle(Object(Symfony\\Component\\Console\\Input\\ArgvInput), Object(Symfony\\Component\\Console\\Output\\ConsoleOutput))
#17 /var/www/html/artisan(13): Illuminate\\Foundation\\Application->handleCommand(Object(Symfony\\Component\\Console\\Input\\ArgvInput))
#18 {main}
"} 
[2026-06-05 04:55:22] production.ERROR: Scheduled command ['/usr/local/bin/php' 'artisan' anonaddy:parse-postfix-mail-log] failed with exit code [1]. {"exception":"[object] (Exception(code: 0): Scheduled command ['/usr/local/bin/php' 'artisan' anonaddy:parse-postfix-mail-log] failed with exit code [1]. at /var/www/html/vendor/laravel/framework/src/Illuminate/Console/Scheduling/ScheduleRunCommand.php:215)
[stacktrace]
#0 /var/www/html/vendor/laravel/framework/src/Illuminate/Console/View/Components/Task.php(43): Illuminate\\Console\\Scheduling\\ScheduleRunCommand->Illuminate\\Console\\Scheduling\\{closure}()
#1 /var/www/html/vendor/laravel/framework/src/Illuminate/Console/View/Components/Factory.php(59): Illuminate\\Console\\View\\Components\\Task->render('<fg=gray>2026-0...', Object(Closure))
#2 /var/www/html/vendor/laravel/framework/src/Illuminate/Console/Scheduling/ScheduleRunCommand.php(199): Illuminate\\Console\\View\\Components\\Factory->__call('task', Array)
#3 /var/www/html/vendor/laravel/framework/src/Illuminate/Console/Scheduling/ScheduleRunCommand.php(142): Illuminate\\Console\\Scheduling\\ScheduleRunCommand->runEvent(Object(Illuminate\\Console\\Scheduling\\Event))
#4 /var/www/html/vendor/laravel/framework/src/Illuminate/Container/BoundMethod.php(36): Illuminate\\Console\\Scheduling\\ScheduleRunCommand->handle(Object(Illuminate\\Console\\Scheduling\\Schedule), Object(Illuminate\\Events\\Dispatcher), Object(Illuminate\\Cache\\Repository), Object(Illuminate\\Foundation\\Exceptions\\Handler))
#5 /var/www/html/vendor/laravel/framework/src/Illuminate/Container/Util.php(43): Illuminate\\Container\\BoundMethod::Illuminate\\Container\\{closure}()
#6 /var/www/html/vendor/laravel/framework/src/Illuminate/Container/BoundMethod.php(96): Illuminate\\Container\\Util::unwrapIfClosure(Object(Closure))
#7 /var/www/html/vendor/laravel/framework/src/Illuminate/Container/BoundMethod.php(35): Illuminate\\Container\\BoundMethod::callBoundMethod(Object(Illuminate\\Foundation\\Application), Array, Object(Closure))
#8 /var/www/html/vendor/laravel/framework/src/Illuminate/Container/Container.php(799): Illuminate\\Container\\BoundMethod::call(Object(Illuminate\\Foundation\\Application), Array, Array, NULL)
#9 /var/www/html/vendor/laravel/framework/src/Illuminate/Console/Command.php(280): Illuminate\\Container\\Container->call(Array)
#10 /var/www/html/vendor/symfony/console/Command/Command.php(341): Illuminate\\Console\\Command->execute(Object(Symfony\\Component\\Console\\Input\\ArgvInput), Object(Illuminate\\Console\\OutputStyle))
#11 /var/www/html/vendor/laravel/framework/src/Illuminate/Console/Command.php(249): Symfony\\Component\\Console\\Command\\Command->run(Object(Symfony\\Component\\Console\\Input\\ArgvInput), Object(Illuminate\\Console\\OutputStyle))
#12 /var/www/html/vendor/symfony/console/Application.php(1117): Illuminate\\Console\\Command->run(Object(Symfony\\Component\\Console\\Input\\ArgvInput), Object(Symfony\\Component\\Console\\Output\\ConsoleOutput))
#13 /var/www/html/vendor/symfony/console/Application.php(356): Symfony\\Component\\Console\\Application->doRunCommand(Object(Illuminate\\Console\\Scheduling\\ScheduleRunCommand), Object(Symfony\\Component\\Console\\Input\\ArgvInput), Object(Symfony\\Component\\Console\\Output\\ConsoleOutput))
#14 /var/www/html/vendor/symfony/console/Application.php(195): Symfony\\Component\\Console\\Application->doRun(Object(Symfony\\Component\\Console\\Input\\ArgvInput), Object(Symfony\\Component\\Console\\Output\\ConsoleOutput))
#15 /var/www/html/vendor/laravel/framework/src/Illuminate/Foundation/Console/Kernel.php(198): Symfony\\Component\\Console\\Application->run(Object(Symfony\\Component\\Console\\Input\\ArgvInput), Object(Symfony\\Component\\Console\\Output\\ConsoleOutput))
#16 /var/www/html/vendor/laravel/framework/src/Illuminate/Foundation/Application.php(1235): Illuminate\\Foundation\\Console\\Kernel->handle(Object(Symfony\\Component\\Console\\Input\\ArgvInput), Object(Symfony\\Component\\Console\\Output\\ConsoleOutput))
#17 /var/www/html/artisan(13): Illuminate\\Foundation\\Application->handleCommand(Object(Symfony\\Component\\Console\\Input\\ArgvInput))
#18 {main}
"} 
